timestamp,baro_pressure,baro_temperature,baro_altitude,accel_x,accel_y,accel_z,gyro_x,gyro_y,gyro_z,mag_x,mag_y,mag_z,quat_w,quat_x,quat_y,quat_z,fusion_altitude,fusion_velocity
4985630,101306.531250,20.150000,1.537804,0.2200,0.2100,9.5700,0.0000,0.0625,-0.0625,0.0000,0.0000,0.0000,16382.0000,186.0000,-203.0000,0.0000,0.1230
5014222,101296.546875,20.139999,2.369308,0.2200,0.2100,9.5600,0.0000,-0.1250,-0.0625,0.0000,0.0000,0.0000,16382.0000,186.0000,-203.0000,0.0000,0.3126
5043902,101293.718750,20.150000,2.604642,0.2400,0.2100,9.5900,-0.0625,0.0000,0.0000,0.0000,0.0000,0.0000,16382.0000,186.0000,-203.0000,0.0000,0.5209
5074319,101290.882812,20.150000,2.840998,0.2200,0.2100,9.5800,0.0625,-0.1250,0.0000,0.0000,0.0000,0.0000,16382.0000,186.0000,-203.0000,0.0000,0.7482
5103986,101288.726562,20.139999,3.020429,0.2300,0.2100,9.5700,0.0625,-0.2500,0.0625,0.0000,0.0000,0.0000,16382.0000,186.0000,-203.0000,0.0000,0.9899
5134187,101297.632812,20.150000,2.278836,0.2400,0.2100,9.5900,-0.1250,-0.0625,-0.0625,0.0000,0.0000,0.0000,16382.0000,186.0000,-203.0000,0.0000,1.1722
5164569,101288.046875,20.160000,3.076851,0.2400,0.2000,9.5700,0.1875,0.0000,-0.0625,0.0000,0.0000,0.0000,16382.0000,186.0000,-203.0000,0.0000,1.4183
5194401,101293.039062,20.160000,2.661062,0.2400,0.2100,9.5800,0.0625,0.0000,-0.1250,0.0000,0.0000,0.0000,16382.0000,186.0000,-203.0000,0.0000,1.6312
5224427,101298.703125,20.150000,2.189381,0.2400,0.2000,9.5500,-0.0625,-0.1875,0.0000,0.0000,0.0000,0.0000,16382.0000,186.0000,-203.0000,0.0000,1.8063
5254443,101290.882812,20.150000,2.840998,0.2300,0.2000,9.5700,-0.1250,-0.1875,-0.1250,0.0000,0.0000,0.0000,16382.0000,186.0000,-203.0000,0.0000,2.0336
5284872,101297.632812,20.150000,2.278836,0.2400,0.2000,9.5700,-0.0625,0.0625,0.0625,0.0000,0.0000,0.0000,16382.0000,186.0000,-203.0000,0.0000,2.0622
5314715,101298.703125,20.150000,2.189381,0.2200,0.2100,9.5700,0.0000,0.1875,0.0000,0.0000,0.0000,0.0000,16382.0000,186.0000,-203.0000,0.0000,2.0004
5344755,101301.539062,20.150000,1.953548,0.2300,0.2100,9.5700,-0.1875,0.1875,-0.0625,0.0000,0.0000,0.0000,16382.0000,186.0000,-203.0000,0.0000,1.8962
5424958,101290.882812,20.150000,2.840998,0.2400,0.2000,9.5600,-0.0625,0.1250,-0.1250,0.0000,0.0000,0.0000,16382.0000,186.0000,-203.0000,0.0000,1.8394
5455302,101298.703125,20.150000,2.189381,0.2300,0.2100,9.5600,0.0625,-0.0625,0.0000,0.0000,0.0000,0.0000,16382.0000,186.0000,-203.0000,0.0000,1.7125
5485572,101288.726562,20.139999,3.020429,0.2200,0.2200,9.5900,-0.0625,-0.1250,0.0625,0.0000,0.0000,0.0000,16382.0000,186.0000,-203.0000,0.0000,1.7262
5516898,101298.703125,20.150000,2.189381,0.2300,0.2100,9.5600,0.0000,-0.0625,-0.0625,0.0000,0.0000,0.0000,16382.0000,186.0000,-203.0000,0.0000,1.5937
5546508,101293.718750,20.150000,2.604642,0.2200,0.2100,9.5700,-0.1250,0.0000,0.0625,0.0000,0.0000,0.0000,16382.0000,186.0000,-203.0000,0.0000,1.5360
5576072,101289.796875,20.150000,2.931476,0.2200,0.2200,9.5800,0.0000,0.0000,0.0000,0.0000,0.0000,0.0000,16382.0000,186.0000,-203.0000,0.0000,1.5515
5605970,101293.718750,20.150000,2.604642,0.2300,0.2100,9.5500,0.0000,0.1875,0.0000,0.0000,0.0000,0.0000,16382.0000,186.0000,-203.0000,0.0000,1.4758
5637323,101296.546875,20.139999,2.369308,0.2400,0.2100,9.5500,0.0625,0.1250,0.1250,0.0000,0.0000,0.0000,16382.0000,186.0000,-203.0000,0.0000,1.4375
5666871,101295.867188,20.160000,2.425727,0.2200,0.2100,9.5700,-0.0625,-0.0625,0.0000,0.0000,0.0000,0.0000,16382.0000,186.0000,-203.0000,0.0000,1.4126
5696434,101314.351562,20.150000,0.886776,0.2300,0.2200,9.5600,0.0000,0.0000,-0.1250,0.0000,0.0000,0.0000,16382.0000,186.0000,-203.0000,0.0000,1.2882
5727767,101290.882812,20.150000,2.840998,0.2400,0.2000,9.5700,-0.0625,-0.0625,0.0000,0.0000,0.0000,0.0000,16382.0000,186.0000,-203.0000,0.0000,1.2314
5757330,101290.882812,20.150000,2.840998,0.2400,0.2100,9.5700,-0.0625,-0.0625,-0.0625,0.0000,0.0000,0.0000,16382.0000,186.0000,-203.0000,0.0000,1.2397
5786904,101302.617188,20.150000,1.863587,0.2300,0.2000,9.5500,-0.1250,0.0000,-0.0625,0.0000,0.0000,0.0000,16382.0000,186.0000,-203.0000,0.0000,1.0867
5816725,101299.781250,20.160000,2.099926,0.2300,0.2100,9.5800,-0.0625,0.0625,-0.0625,0.0000,0.0000,0.0000,16382.0000,186.0000,-203.0000,0.0000,1.0358
5856461,101286.968750,20.150000,3.166822,0.2400,0.2000,9.5800,0.0000,0.2500,-0.1250,0.0000,0.0000,0.0000,16382.0000,186.0000,-203.0000,0.0000,1.0287
5886869,101290.882812,20.150000,2.840998,0.2300,0.2100,9.5700,-0.0625,0.1875,-0.1250,0.0000,0.0000,0.0000,16382.0000,186.0000,-203.0000,0.0000,0.9628
5917021,101298.703125,20.150000,2.189381,0.2400,0.2100,9.5700,0.0625,-0.1875,0.0000,0.0000,0.0000,0.0000,16382.0000,186.0000,-203.0000,0.0000,0.8775
5948925,101297.632812,20.150000,2.278836,0.2300,0.2200,9.5700,-0.0625,0.0625,-0.1250,0.0000,0.0000,0.0000,16382.0000,186.0000,-203.0000,0.0000,0.8229
5979004,101291.960938,20.160000,2.751030,0.2200,0.2100,9.5700,0.1875,0.0625,0.0000,0.0000,0.0000,0.0000,16382.0000,186.0000,-203.0000,0.0000,0.8004
6009022,101289.796875,20.150000,2.931476,0.2300,0.2100,9.5600,-0.0625,-0.0625,-0.0625,0.0000,0.0000,0.0000,16382.0000,186.0000,-203.0000,0.0000,0.9462
6039122,101291.960938,20.160000,2.751030,0.2300,0.2100,9.5800,0.0625,-0.1875,0.0000,0.0000,0.0000,0.0000,16382.0000,186.0000,-203.0000,0.0000,0.8822
6071513,101296.953125,20.160000,2.335254,0.2300,0.2100,9.5800,0.0625,0.1250,-0.0625,0.0000,0.0000,0.0000,16382.0000,186.0000,-203.0000,0.0000,0.7849
6105817,101288.726562,20.139999,3.020429,0.2300,0.2100,9.5800,0.0000,0.0625,0.0000,0.0000,0.0000,0.0000,16382.0000,186.0000,-203.0000,0.0000,0.8402
6137537,101299.781250,20.160000,2.099926,0.2300,0.2100,9.5900,0.0000,0.0625,-0.0625,0.0000,0.0000,0.0000,16382.0000,186.0000,-203.0000,0.0000,0.7982
6169397,101308.679688,20.160000,1.358907,0.2300,0.2000,9.5500,0.0000,-0.3125,0.0000,0.0000,0.0000,0.0000,16382.0000,186.0000,-203.0000,0.0000,0.5902
6199439,101294.789062,20.150000,2.515693,0.2500,0.2100,9.5800,0.0625,0.0625,-0.0625,0.0000,0.0000,0.0000,16382.0000,186.0000,-203.0000,0.0000,0.5074
6229504,101290.882812,20.150000,2.840998,0.2200,0.2100,9.5700,-0.1250,-0.1250,0.0625,0.0000,0.0000,0.0000,16382.0000,186.0000,-203.0000,0.0000,0.5157
6267880,101295.867188,20.160000,2.425727,0.2300,0.2200,9.5700,0.0625,-0.1250,-0.0625,0.0000,0.0000,0.0000,16382.0000,186.0000,-203.0000,0.0000,0.4819
6298322,101295.867188,20.160000,2.425727,0.2500,0.2200,9.5600,-0.0625,0.0625,0.0625,0.0000,0.0000,0.0000,16382.0000,186.0000,-203.0000,0.0000,0.4009
6328408,101290.882812,20.150000,2.840998,0.2400,0.2100,9.5700,0.0625,-0.0625,0.0625,0.0000,0.0000,0.0000,16382.0000,186.0000,-203.0000,0.0000,0.3350
6358509,101284.140625,20.160000,3.402174,0.2300,0.2100,9.5700,0.0625,-0.0625,-0.0625,0.0000,0.0000,0.0000,16382.0000,186.0000,-203.0000,0.0000,0.3321
6390311,101281.976562,20.150000,3.582632,0.2600,0.2100,9.5800,0.0625,0.1875,0.0000,0.0000,0.0000,0.0000,16382.0000,186.0000,-203.0000,0.0000,0.3852
6420369,101299.781250,20.160000,2.099926,0.2200,0.2000,9.5800,0.1250,0.0625,0.0000,0.0000,0.0000,0.0000,16382.0000,186.0000,-203.0000,0.0000,0.2511
6450414,101290.882812,20.150000,2.840998,0.2200,0.2100,9.5800,-0.0625,0.1250,-0.0625,0.0000,0.0000,0.0000,16382.0000,186.0000,-203.0000,0.0000,0.2684
6482260,101291.960938,20.160000,2.751030,0.2100,0.2200,9.5700,-0.0625,-0.1250,0.0000,0.0000,0.0000,0.0000,16382.0000,186.0000,-203.0000,0.0000,0.3526
6512285,101290.882812,20.150000,2.840998,0.2300,0.2100,9.5700,-0.0625,0.0000,-0.1250,0.0000,0.0000,0.0000,16382.0000,186.0000,-203.0000,0.0000,0.3283
6542312,101290.882812,20.150000,2.840998,0.2200,0.2100,9.5700,0.0625,0.0625,-0.0625,0.0000,0.0000,0.0000,16382.0000,186.0000,-203.0000,0.0000,0.2715
6572421,101290.882812,20.150000,2.840998,0.2300,0.2000,9.5600,0.1250,-0.0625,-0.0625,0.0000,0.0000,0.0000,16382.0000,186.0000,-203.0000,0.0000,0.2869
6608461,101295.867188,20.160000,2.425727,0.2300,0.2100,9.5800,-0.0625,-0.0625,-0.0625,0.0000,0.0000,0.0000,16382.0000,186.0000,-203.0000,0.0000,0.2858
6639207,101295.867188,20.160000,2.425727,0.2600,0.2200,9.5700,-0.0625,0.0625,-0.0625,0.0000,0.0000,0.0000,16382.0000,186.0000,-203.0000,0.0000,0.2479
6669515,101294.789062,20.150000,2.515693,0.2200,0.2000,9.5800,-0.0625,-0.0625,0.0000,0.0000,0.0000,0.0000,16382.0000,186.0000,-203.0000,0.0000,0.1657
6709190,101291.960938,20.160000,2.751030,0.2300,0.2100,9.5700,0.0625,0.0000,0.0625,0.0000,0.0000,0.0000,16382.0000,186.0000,-203.0000,0.0000,0.0879
6739771,101296.953125,20.160000,2.335254,0.2400,0.2200,9.6000,0.0625,0.0000,0.0000,0.0000,0.0000,0.0000,16382.0000,186.0000,-203.0000,0.0000,0.1104
6769877,101296.953125,20.160000,2.335254,0.2400,0.2100,9.5700,0.0625,0.0000,-0.1250,0.0000,0.0000,0.0000,16382.0000,186.0000,-203.0000,0.0000,0.0746
6799970,101294.789062,20.150000,2.515693,0.2500,0.2100,9.5800,0.0000,-0.0625,0.0000,0.0000,0.0000,0.0000,16382.0000,186.0000,-203.0000,0.0000,0.0540
6831829,101293.718750,20.150000,2.604642,0.2200,0.2200,9.5500,0.0625,0.0625,0.0000,0.0000,0.0000,0.0000,16382.0000,186.0000,-203.0000,0.0000,0.0220
6861893,101290.882812,20.150000,2.840998,0.2500,0.2200,9.6500,0.0000,0.0625,0.0625,0.0000,0.0000,0.0000,16382.0000,186.0000,-203.0000,0.0000,0.0220
6891920,101295.867188,20.160000,2.425727,0.2000,0.2100,9.5400,0.0625,-0.1250,0.0000,0.0000,0.0000,0.0000,16382.0000,186.0000,-203.0000,0.0000,-0.0224
6924922,101291.960938,20.160000,2.751030,0.2200,0.2200,9.5800,0.0625,0.0625,0.1250,0.0000,0.0000,0.0000,16382.0000,186.0000,-203.0000,0.0000,-0.0011
6963201,101290.882812,20.150000,2.840998,0.2500,0.2200,9.5600,0.0625,0.1875,-0.0625,0.0000,0.0000,0.0000,16382.0000,186.0000,-203.0000,0.0000,0.0227
7019883,101299.781250,20.160000,2.099926,0.2400,0.2000,9.5700,-0.0625,0.0000,0.0625,0.0000,0.0000,0.0000,16382.0000,186.0000,-203.0000,0.0000,-0.0041
7051563,101293.039062,20.160000,2.661062,0.2200,0.2100,9.5700,-0.0625,0.0000,-0.0625,0.0000,0.0000,0.0000,16382.0000,186.0000,-203.0000,0.0000,-0.0225
7081537,101300.859375,20.160000,2.009964,0.2300,0.2100,9.6000,0.1250,-0.1250,0.0625,0.0000,0.0000,0.0000,16382.0000,186.0000,-203.0000,0.0000,-0.0349
7111603,101300.859375,20.160000,2.009964,0.2200,0.2200,9.5700,0.0625,-0.0625,0.0000,0.0000,0.0000,0.0000,16382.0000,186.0000,-203.0000,0.0000,-0.0638
7141660,101293.039062,20.160000,2.661062,0.2300,0.2200,9.5600,0.0625,0.1875,-0.0625,0.0000,0.0000,0.0000,16382.0000,186.0000,-203.0000,0.0000,-0.0504
7183222,101285.218750,20.160000,3.312710,0.2300,0.2200,9.5900,0.0625,-0.0625,-0.1250,0.0000,0.0000,0.0000,16382.0000,186.0000,-203.0000,0.0000,0.0128
7213297,101290.882812,20.150000,2.840998,0.2300,0.2100,9.5700,0.0625,-0.2500,0.0000,0.0000,0.0000,0.0000,16382.0000,186.0000,-203.0000,0.0000,0.0081
7243344,101295.867188,20.160000,2.425727,0.2400,0.2100,9.5700,0.0625,0.0625,-0.0625,0.0000,0.0000,0.0000,16382.0000,186.0000,-203.0000,0.0000,0.0069
7276965,101300.859375,20.160000,2.009964,0.2300,0.2000,9.5700,-0.0625,-0.2500,0.0625,0.0000,0.0000,0.0000,16382.0000,186.0000,-203.0000,0.0000,-0.0589
7310842,101285.218750,20.160000,3.312710,0.2300,0.2100,9.5700,0.0000,-0.0625,0.0000,0.0000,0.0000,0.0000,16382.0000,186.0000,-203.0000,0.0000,-0.0602
7341577,101296.953125,20.160000,2.335254,0.2300,0.2000,9.5900,-0.0625,-0.2500,0.0000,0.0000,0.0000,0.0000,16382.0000,186.0000,-203.0000,0.0000,-0.0266
7371825,101291.960938,20.160000,2.751030,0.2400,0.1900,9.5900,0.0625,-0.0625,0.1250,0.0000,0.0000,0.0000,16382.0000,186.0000,-203.0000,0.0000,-0.0158
7403731,101293.039062,20.160000,2.661062,0.2200,0.2100,9.5900,0.0625,-0.0625,0.0625,0.0000,0.0000,0.0000,16382.0000,186.0000,-203.0000,0.0000,0.0334
7433809,101293.039062,20.160000,2.661062,0.2300,0.2100,9.5700,0.0000,0.1250,0.0625,0.0000,0.0000,0.0000,16382.0000,186.0000,-203.0000,0.0000,0.0873
7463848,101290.882812,20.150000,2.840998,0.2300,0.2000,9.5600,0.0625,0.1875,0.0625,0.0000,0.0000,0.0000,16382.0000,186.0000,-203.0000,0.0000,0.1118
7496645,101296.953125,20.160000,2.335254,0.2100,0.2100,9.5700,0.0000,0.0000,0.1250,0.0000,0.0000,0.0000,16382.0000,186.0000,-203.0000,0.0000,0.0242
7531103,101296.953125,20.160000,2.335254,0.2400,0.2100,9.5700,-0.0625,0.0000,0.0625,0.0000,0.0000,0.0000,16382.0000,186.0000,-203.0000,0.0000,-0.0293
7562303,101286.289062,20.170000,3.223245,0.2300,0.2100,9.5500,0.1250,-0.0625,0.1875,0.0000,0.0000,0.0000,16382.0000,186.0000,-203.0000,0.0000,0.0315
7592555,101284.140625,20.160000,3.402174,0.2200,0.2100,9.5800,0.0000,-0.1250,0.1250,0.0000,0.0000,0.0000,16382.0000,186.0000,-203.0000,0.0000,0.1577
7632339,101310.437500,20.150000,1.212539,0.2300,0.2200,9.6000,-0.1250,0.1875,0.0000,0.0000,0.0000,0.0000,16382.0000,186.0000,-203.0000,0.0000,-0.0179
7662858,101293.039062,20.160000,2.661062,0.2100,0.2100,9.5500,-0.0625,0.0000,0.1250,0.0000,0.0000,0.0000,16382.0000,186.0000,-203.0000,0.0000,0.0165
7693460,101290.882812,20.150000,2.840998,0.2300,0.2000,9.5500,-0.0625,0.2500,-0.0625,0.0000,0.0000,0.0000,16382.0000,186.0000,-203.0000,0.0000,0.0154
7725831,101286.968750,20.150000,3.166822,0.2200,0.2200,9.5800,-0.0625,-0.1250,-0.0625,0.0000,0.0000,0.0000,16382.0000,186.0000,-203.0000,0.0000,0.0630
7756374,101295.867188,20.160000,2.425727,0.2400,0.2000,9.5600,-0.0625,0.0000,0.0625,0.0000,0.0000,0.0000,16382.0000,186.0000,-203.0000,0.0000,0.0330
7789279,101285.218750,20.160000,3.312710,0.2300,0.2100,9.5900,0.1250,0.1875,0.0000,0.0000,0.0000,0.0000,16382.0000,186.0000,-203.0000,0.0000,0.0411
7823016,101291.960938,20.160000,2.751030,0.2200,0.2200,9.5600,-0.1250,0.1250,0.1250,0.0000,0.0000,0.0000,16382.0000,186.0000,-203.0000,0.0000,0.0779
7853644,101290.882812,20.150000,2.840998,0.2300,0.2100,9.5400,-0.1250,-0.1250,-0.0625,0.0000,0.0000,0.0000,16382.0000,186.0000,-203.0000,0.0000,0.1285
7884132,101290.882812,20.150000,2.840998,0.2300,0.2100,9.5800,0.0625,-0.0625,0.0625,0.0000,0.0000,0.0000,16382.0000,186.0000,-203.0000,0.0000,0.0820
7914696,101291.960938,20.160000,2.751030,0.2400,0.2000,9.5800,0.0000,-0.0625,0.0625,0.0000,0.0000,0.0000,16382.0000,186.0000,-203.0000,0.0000,0.0104
7946986,101296.953125,20.160000,2.335254,0.2500,0.2100,9.5800,0.1250,-0.0625,0.0000,0.0000,0.0000,0.0000,16382.0000,186.0000,-203.0000,0.0000,0.1327
7980155,101291.960938,20.160000,2.751030,0.2200,0.2100,9.5900,0.1250,-0.0625,-0.0625,0.0000,0.0000,0.0000,16382.0000,186.0000,-203.0000,0.0000,0.1548
8013423,101294.789062,20.150000,2.515693,0.2300,0.2200,9.5600,0.0625,-0.1875,0.0625,0.0000,0.0000,0.0000,16382.0000,186.0000,-203.0000,0.0000,0.1436
8053718,101300.859375,20.160000,2.009964,0.2300,0.2200,9.5700,0.1875,-0.2500,-0.0625,0.0000,0.0000,0.0000,16382.0000,186.0000,-203.0000,0.0000,0.0297
8084292,101290.882812,20.150000,2.840998,0.2400,0.2200,9.5600,0.0625,-0.0625,0.0000,0.0000,0.0000,0.0000,16382.0000,186.0000,-203.0000,0.0000,0.0712
8114816,101290.882812,20.150000,2.840998,0.2200,0.2000,9.5800,0.0000,-0.0625,-0.0625,0.0000,0.0000,0.0000,16382.0000,186.0000,-203.0000,0.0000,0.0222
8145362,101293.039062,20.160000,2.661062,0.2300,0.2000,9.5700,0.1250,0.0000,0.0000,0.0000,0.0000,0.0000,16382.0000,186.0000,-203.0000,0.0000,0.0168
8177699,101290.882812,20.150000,2.840998,0.2200,0.2100,9.5600,0.1875,0.0625,0.0000,0.0000,0.0000,0.0000,16382.0000,186.0000,-203.0000,0.0000,0.0168
8210059,101290.882812,20.150000,2.840998,0.2300,0.2100,9.5600,0.1250,0.0000,-0.0625,0.0000,0.0000,0.0000,16382.0000,186.0000,-203.0000,0.0000,0.0168
8244136,101294.789062,20.150000,2.515693,0.2200,0.2200,9.5600,0.0625,-0.0625,0.0000,0.0000,0.0000,0.0000,16382.0000,186.0000,-203.0000,0.0000,-0.0085
8276472,101291.960938,20.160000,2.751030,0.2300,0.2000,9.5600,-0.0625,-0.0625,0.0000,0.0000,0.0000,0.0000,16382.0000,186.0000,-203.0000,0.0000,0.0266
8307030,101296.953125,20.160000,2.335254,0.2300,0.2100,9.5600,0.1250,0.0625,0.0625,0.0000,0.0000,0.0000,16382.0000,186.0000,-203.0000,0.0000,-0.0114
8337610,101283.062500,20.150000,3.492148,0.2300,0.2100,9.5600,0.0625,0.0000,-0.0625,0.0000,0.0000,0.0000,16382.0000,186.0000,-203.0000,0.0000,0.0714
8368148,101293.039062,20.160000,2.661062,0.2300,0.2100,9.5900,-0.0625,0.0625,-0.0625,0.0000,0.0000,0.0000,16382.0000,186.0000,-203.0000,0.0000,0.1300
8404491,101284.140625,20.160000,3.402174,0.2400,0.2100,9.5800,0.0000,0.0000,0.0000,0.0000,0.0000,0.0000,16382.0000,186.0000,-203.0000,0.0000,0.1648
8435385,101296.953125,20.160000,2.335254,0.2200,0.2100,9.5500,0.0000,-0.1875,-0.0625,0.0000,0.0000,0.0000,16382.0000,186.0000,-203.0000,0.0000,0.1178
8465925,101294.117188,20.170000,2.571604,0.2300,0.2000,9.5300,0.1250,0.0000,-0.0625,0.0000,0.0000,0.0000,16382.0000,186.0000,-203.0000,0.0000,0.1096
8505349,101293.039062,20.160000,2.661062,0.2300,0.2200,9.5800,0.0000,-0.2500,0.0625,0.0000,0.0000,0.0000,16382.0000,186.0000,-203.0000,0.0000,0.0952
8535871,101290.882812,20.150000,2.840998,0.2300,0.2100,9.5300,0.0000,-0.1875,0.0625,0.0000,0.0000,0.0000,16382.0000,186.0000,-203.0000,0.0000,0.0869
8566468,101290.882812,20.150000,2.840998,0.2300,0.2000,9.5800,0.0625,0.0625,0.0000,0.0000,0.0000,0.0000,16382.0000,186.0000,-203.0000,0.0000,0.1176
8634225,101294.117188,20.170000,2.571604,0.2300,0.2100,9.5700,0.0000,0.0000,0.0000,0.0000,0.0000,0.0000,16382.0000,186.0000,-203.0000,0.0000,0.1050
8665878,101289.132812,20.160000,2.986373,0.2300,0.2100,9.5800,-0.0625,-0.1250,0.0000,0.0000,0.0000,0.0000,16382.0000,186.0000,-203.0000,0.0000,0.1524
8696343,101291.960938,20.160000,2.751030,0.2200,0.2200,9.5800,0.0000,-0.1250,0.0000,0.0000,0.0000,0.0000,16382.0000,186.0000,-203.0000,0.0000,0.0765
8726877,101288.046875,20.160000,3.076851,0.2300,0.2100,9.5600,0.0000,0.0000,0.0000,0.0000,0.0000,0.0000,16382.0000,186.0000,-203.0000,0.0000,0.0967
8759266,101288.046875,20.160000,3.076851,0.2500,0.2100,9.5800,-0.1250,-0.0625,0.0625,0.0000,0.0000,0.0000,16382.0000,186.0000,-203.0000,0.0000,0.0429
8789745,101283.062500,20.150000,3.492148,0.2200,0.2100,9.5700,-0.0625,-0.1250,0.0000,0.0000,0.0000,0.0000,16382.0000,186.0000,-203.0000,0.0000,0.1419
8822710,101293.039062,20.160000,2.661062,0.2300,0.2200,9.5900,0.0000,0.0625,-0.0625,0.0000,0.0000,0.0000,16382.0000,186.0000,-203.0000,0.0000,0.1639
8856479,101300.859375,20.160000,2.009964,0.2400,0.2100,9.6000,0.0625,0.0000,0.0000,0.0000,0.0000,0.0000,16382.0000,186.0000,-203.0000,0.0000,0.1154
8887045,101289.132812,20.160000,2.986373,0.2300,0.2100,9.5900,0.1250,-0.1250,0.0000,0.0000,0.0000,0.0000,16382.0000,186.0000,-203.0000,0.0000,0.1188
8917585,101299.781250,20.160000,2.099926,0.2500,0.2100,9.5900,0.0625,0.0000,0.0000,0.0000,0.0000,0.0000,16382.0000,186.0000,-203.0000,0.0000,0.0429
8948152,101281.976562,20.150000,3.582632,0.2200,0.2000,9.5800,0.0000,-0.1250,-0.1250,0.0000,0.0000,0.0000,16382.0000,186.0000,-203.0000,0.0000,0.1386
8986920,101295.867188,20.160000,2.425727,0.2400,0.2100,9.5700,-0.0625,0.0625,0.0000,0.0000,0.0000,0.0000,16382.0000,186.0000,-203.0000,0.0000,0.0807
9017456,101294.789062,20.150000,2.515693,0.2300,0.2200,9.5900,0.0000,-0.1875,0.0000,0.0000,0.0000,0.0000,16382.0000,186.0000,-203.0000,0.0000,0.0619
9048050,101298.703125,20.150000,2.189381,0.2700,-0.2100,9.5700,-0.1875,-0.3750,-0.4375,0.0000,0.0000,0.0000,16382.0000,185.0000,-203.0000,0.0000,-0.0175
9080414,101301.937500,20.170000,1.920511,0.3600,0.3100,9.5500,0.0625,-0.0625,-17.5000,0.0000,0.0000,0.0000,16382.0000,185.0000,-202.0000,-47.0000,-0.1183
9115950,101283.062500,20.150000,3.492148,0.2500,0.0900,9.5900,0.0625,0.0000,-3.0000,0.0000,0.0000,0.0000,16381.0000,186.0000,-202.0000,-89.0000,-0.1313
9147596,101290.882812,20.150000,2.840998,0.2400,0.2100,9.6000,0.1875,0.3125,0.4375,0.0000,0.0000,0.0000,16381.0000,186.0000,-202.0000,-89.0000,-0.1234
9178130,101295.867188,20.160000,2.425727,0.2200,0.2200,9.5800,0.1250,0.1250,0.0625,0.0000,0.0000,0.0000,16381.0000,186.0000,-202.0000,-89.0000,-0.0837
9210490,101294.117188,20.170000,2.571604,0.2400,0.2000,9.5700,-0.0625,0.1250,0.0000,0.0000,0.0000,0.0000,16381.0000,186.0000,-202.0000,-89.0000,-0.1121
9241035,101290.882812,20.150000,2.840998,0.2400,0.2100,9.5800,-0.0625,0.1250,0.0625,0.0000,0.0000,0.0000,16381.0000,186.0000,-202.0000,-89.0000,-0.0268
9271556,101294.789062,20.150000,2.515693,0.2300,0.2100,9.5800,-0.0625,0.1250,0.0000,0.0000,0.0000,0.0000,16381.0000,186.0000,-202.0000,-89.0000,-0.1595
9307578,101290.882812,20.150000,2.840998,0.2200,0.2000,9.5700,-0.0625,0.0000,0.0000,0.0000,0.0000,0.0000,16381.0000,186.0000,-202.0000,-89.0000,-0.1216
9338374,101290.882812,20.150000,2.840998,0.2200,0.1900,9.5900,0.0000,0.2500,-0.0625,0.0000,0.0000,0.0000,16381.0000,186.0000,-202.0000,-89.0000,-0.0891
9368916,101290.882812,20.150000,2.840998,0.2300,0.2100,9.5800,-0.0625,0.0000,0.0000,0.0000,0.0000,0.0000,16381.0000,186.0000,-202.0000,-89.0000,-0.0174
9408330,101285.218750,20.160000,3.312710,0.2200,0.2000,9.5800,0.0625,-0.0625,-0.0625,0.0000,0.0000,0.0000,16381.0000,186.0000,-202.0000,-89.0000,0.1041
9438834,101284.140625,20.160000,3.402174,0.2300,0.2100,9.5800,0.0625,-0.1250,0.0625,0.0000,0.0000,0.0000,16381.0000,186.0000,-202.0000,-89.0000,0.0933
9469435,101291.960938,20.160000,2.751030,0.2300,0.1900,9.5900,0.0000,0.1250,0.0000,0.0000,0.0000,0.0000,16381.0000,186.0000,-202.0000,-89.0000,0.0843
9499959,101290.882812,20.150000,2.840998,0.2300,0.2000,9.6200,0.1250,0.0625,-0.1250,0.0000,0.0000,0.0000,16381.0000,186.0000,-202.0000,-89.0000,0.1258
9532314,101290.882812,20.150000,2.840998,0.2400,0.2100,9.5700,0.0625,0.1250,-0.0625,0.0000,0.0000,0.0000,16381.0000,186.0000,-202.0000,-89.0000,0.1528
9564259,101298.703125,20.150000,2.189381,0.2400,0.2000,9.5800,-0.0625,0.1250,-0.0625,0.0000,0.0000,0.0000,16381.0000,186.0000,-202.0000,-89.0000,0.0988
9598477,101293.039062,20.160000,2.661062,0.2300,0.2100,9.5900,0.0000,0.1250,0.0000,0.0000,0.0000,0.0000,16381.0000,186.0000,-202.0000,-89.0000,0.1069
9630808,101291.960938,20.160000,2.751030,0.2200,0.2100,9.5700,0.0625,0.0000,0.0625,0.0000,0.0000,0.0000,16381.0000,186.0000,-202.0000,-89.0000,0.0979
9661352,101293.039062,20.160000,2.661062,0.2200,0.2000,9.5700,0.0625,0.0000,-0.0625,0.0000,0.0000,0.0000,16381.0000,186.0000,-202.0000,-89.0000,0.0770
9691857,101290.882812,20.150000,2.840998,0.2200,0.2000,9.5500,-0.0625,0.0000,-0.0625,0.0000,0.0000,0.0000,16381.0000,186.0000,-202.0000,-89.0000,0.0603
9728265,101288.046875,20.160000,3.076851,0.2300,0.2000,9.5800,0.0625,0.0625,-0.0625,0.0000,0.0000,0.0000,16381.0000,186.0000,-202.0000,-89.0000,0.0320
9759706,101291.960938,20.160000,2.751030,0.2400,0.2200,9.5600,0.0000,-0.0625,-0.0625,0.0000,0.0000,0.0000,16381.0000,186.0000,-202.0000,-89.0000,-0.0313
9790267,101290.882812,20.150000,2.840998,0.2400,0.2000,9.6100,0.0625,-0.0625,-0.0625,0.0000,0.0000,0.0000,16381.0000,186.0000,-202.0000,-89.0000,-0.0259
9820793,101286.968750,20.150000,3.166822,0.2200,0.2200,9.5700,-0.1250,0.1250,0.0000,0.0000,0.0000,0.0000,16381.0000,186.0000,-202.0000,-89.0000,0.0002
9859816,101296.953125,20.160000,2.335254,0.2500,0.2100,9.5700,0.0000,0.1875,0.0625,0.0000,0.0000,0.0000,16381.0000,186.0000,-202.0000,-89.0000,-0.0403
9890383,101293.039062,20.160000,2.661062,0.2300,0.2100,9.5700,0.0000,-0.1875,0.0000,0.0000,0.0000,0.0000,16381.0000,186.0000,-202.0000,-89.0000,0.0040
9920964,101293.039062,20.160000,2.661062,0.2400,0.2200,9.5600,0.0000,0.1875,-0.1250,0.0000,0.0000,0.0000,16381.0000,186.0000,-202.0000,-89.0000,0.0058
9953314,101299.781250,20.160000,2.099926,0.2400,0.2000,9.5500,-0.1250,0.0625,0.0000,0.0000,0.0000,0.0000,16381.0000,186.0000,-202.0000,-89.0000,-0.0546
9983838,101290.882812,20.150000,2.840998,0.2300,0.2100,9.5700,-0.0625,0.2500,0.0625,0.0000,0.0000,0.0000,16381.0000,186.0000,-202.0000,-89.0000,-0.0236
10016190,101290.882812,20.150000,2.840998,0.2200,0.2100,9.5600,-0.0625,0.0625,0.1250,0.0000,0.0000,0.0000,16381.0000,186.0000,-202.0000,-89.0000,-0.0272
10050219,101300.859375,20.160000,2.009964,0.2500,0.2100,9.5900,0.0625,0.0625,-0.0625,0.0000,0.0000,0.0000,16381.0000,186.0000,-202.0000,-89.0000,-0.1060
10082620,101294.789062,20.150000,2.515693,0.2300,0.2000,9.5900,-0.0625,-0.0625,0.0625,0.0000,0.0000,0.0000,16381.0000,186.0000,-202.0000,-89.0000,-0.1332
10113164,101300.859375,20.160000,2.009964,0.2300,0.2100,9.5800,0.0000,-0.1875,0.1250,0.0000,0.0000,0.0000,16381.0000,186.0000,-202.0000,-89.0000,-0.2051
10143695,101290.882812,20.150000,2.840998,0.2400,0.2100,9.5900,-0.0625,0.0625,-0.0625,0.0000,0.0000,0.0000,16381.0000,186.0000,-202.0000,-89.0000,-0.2412
10180453,101290.882812,20.150000,2.840998,0.2300,0.2100,9.6100,-0.0625,0.0625,0.0625,0.0000,0.0000,0.0000,16381.0000,186.0000,-202.0000,-89.0000,-0.1907
10211353,101291.960938,20.160000,2.751030,0.2200,0.1900,9.5600,0.1250,0.1250,-0.0625,0.0000,0.0000,0.0000,16381.0000,186.0000,-202.0000,-89.0000,-0.1799
10241915,101293.039062,20.160000,2.661062,0.2200,0.2200,9.5600,0.0000,0.0000,-0.0625,0.0000,0.0000,0.0000,16381.0000,186.0000,-202.0000,-89.0000,-0.1817
10311274,101289.132812,20.160000,2.986373,0.2500,0.2100,9.5600,0.0000,-0.0625,-0.1250,0.0000,0.0000,0.0000,16381.0000,186.0000,-202.0000,-89.0000,-0.0930
10341798,101294.789062,20.150000,2.515693,0.2300,0.2000,9.5700,0.0000,-0.3125,0.1875,0.0000,0.0000,0.0000,16381.0000,186.0000,-202.0000,-89.0000,-0.1208
10372382,101298.703125,20.150000,2.189381,0.2000,0.2200,9.5500,0.0000,0.0625,0.0625,0.0000,0.0000,0.0000,16381.0000,186.0000,-202.0000,-89.0000,-0.1682
10402907,101280.898438,20.139999,3.672607,0.2200,0.2200,9.5900,-0.0625,-0.0625,0.0625,0.0000,0.0000,0.0000,16381.0000,186.0000,-202.0000,-89.0000,-0.0139
10435227,101294.789062,20.150000,2.515693,0.2400,0.2100,9.5800,-0.0625,0.0000,0.0000,0.0000,0.0000,0.0000,16381.0000,186.0000,-202.0000,-89.0000,0.0056
10469297,101294.789062,20.150000,2.515693,0.2200,0.2000,9.6000,0.0625,0.0625,0.0000,0.0000,0.0000,0.0000,16381.0000,186.0000,-202.0000,-89.0000,0.0591
10502018,101295.867188,20.160000,2.425727,0.2300,0.2000,9.5900,-0.1875,0.1250,0.0000,0.0000,0.0000,0.0000,16381.0000,186.0000,-202.0000,-89.0000,0.0093
10534362,101290.882812,20.150000,2.840998,0.2200,0.2100,9.5500,-0.0625,0.1250,0.0625,0.0000,0.0000,0.0000,16381.0000,186.0000,-202.0000,-89.0000,0.0122
10564900,101294.789062,20.150000,2.515693,0.2300,0.2100,9.5800,-0.0625,0.0000,0.0000,0.0000,0.0000,0.0000,16381.0000,186.0000,-202.0000,-89.0000,-0.0197
10595429,101290.882812,20.150000,2.840998,0.2100,0.2000,9.5800,-0.0625,0.1250,-0.1875,0.0000,0.0000,0.0000,16381.0000,186.0000,-202.0000,-89.0000,0.0132
10632028,101283.062500,20.150000,3.492148,0.2300,0.2200,9.5900,-0.0625,0.1250,0.0000,0.0000,0.0000,0.0000,16381.0000,186.0000,-202.0000,-89.0000,0.0424
10662883,101291.960938,20.160000,2.751030,0.2200,0.2000,9.5700,-0.0625,0.0625,-0.0625,0.0000,0.0000,0.0000,16381.0000,186.0000,-202.0000,-89.0000,0.0612
10693454,101293.039062,20.160000,2.661062,0.2200,0.2200,9.5600,-0.0625,0.1250,0.0000,0.0000,0.0000,0.0000,16381.0000,186.0000,-202.0000,-89.0000,0.0990
10723980,101290.882812,20.150000,2.840998,0.2300,0.2100,9.5500,0.0625,0.1875,0.0000,0.0000,0.0000,0.0000,16381.0000,186.0000,-202.0000,-89.0000,-0.0026
10762977,101289.796875,20.150000,2.931476,0.2400,0.2000,9.5800,-0.0625,-0.1250,0.0625,0.0000,0.0000,0.0000,16381.0000,186.0000,-202.0000,-89.0000,0.0502
10793560,101294.789062,20.150000,2.515693,0.1800,0.2100,9.5900,-0.0625,-0.1250,-0.0625,0.0000,0.0000,0.0000,16381.0000,186.0000,-202.0000,-89.0000,0.0567
10824073,101302.617188,20.150000,1.863587,0.2300,0.2300,9.5900,0.1875,-0.0625,-0.0625,0.0000,0.0000,0.0000,16381.0000,186.0000,-202.0000,-89.0000,0.0117
10856479,101294.789062,20.150000,2.515693,0.2500,0.2100,9.5400,-0.0625,0.1875,-0.0625,0.0000,0.0000,0.0000,16381.0000,186.0000,-202.0000,-89.0000,-0.0197
10888655,101290.882812,20.150000,2.840998,0.2400,0.2100,9.5700,-0.0625,0.0000,-0.0625,0.0000,0.0000,0.0000,16381.0000,186.0000,-202.0000,-89.0000,0.0128
10922996,101289.796875,20.150000,2.931476,0.1900,0.2000,9.5800,0.0000,0.1250,-0.0625,0.0000,0.0000,0.0000,16381.0000,186.0000,-202.0000,-89.0000,0.0136
10955342,101293.718750,20.150000,2.604642,0.2500,0.2100,9.5800,-0.0625,-0.0625,-0.1250,0.0000,0.0000,0.0000,16381.0000,186.0000,-202.0000,-89.0000,-0.0705
10985880,101290.882812,20.150000,2.840998,0.2400,0.2100,9.5800,-0.0625,-0.0625,0.0625,0.0000,0.0000,0.0000,16381.0000,186.0000,-202.0000,-89.0000,-0.0615
11016438,101298.703125,20.150000,2.189381,0.2100,0.2100,9.6000,0.0625,-0.1250,0.0000,0.0000,0.0000,0.0000,16381.0000,186.0000,-202.0000,-89.0000,-0.0956
11046957,101289.796875,20.150000,2.931476,0.2000,0.2200,9.5800,0.0000,-0.1250,-0.0625,0.0000,0.0000,0.0000,16381.0000,186.0000,-202.0000,-89.0000,-0.0789
11083539,101288.046875,20.160000,3.076851,0.2600,0.2200,9.5700,0.0000,0.0000,0.0625,0.0000,0.0000,0.0000,16381.0000,186.0000,-202.0000,-89.0000,-0.0579
11114412,101290.882812,20.150000,2.840998,0.2200,0.2100,9.6000,0.0625,-0.0625,0.0000,0.0000,0.0000,0.0000,16381.0000,186.0000,-202.0000,-89.0000,-0.0271
11144980,101281.976562,20.150000,3.582632,0.2100,0.2000,9.5600,-0.1250,0.1250,0.0000,0.0000,0.0000,0.0000,16381.0000,186.0000,-202.0000,-89.0000,0.1299
11184361,101290.882812,20.150000,2.840998,0.2400,0.2200,9.5700,0.0000,-0.1875,0.0000,0.0000,0.0000,0.0000,16381.0000,186.0000,-202.0000,-89.0000,0.1625
11214917,101290.882812,20.150000,2.840998,0.2300,0.2100,9.5600,0.1250,0.0000,0.0000,0.0000,0.0000,0.0000,16381.0000,186.0000,-202.0000,-89.0000,0.1494
11245473,101298.703125,20.150000,2.189381,0.2300,0.2100,9.5700,0.0625,-0.1250,-0.0625,0.0000,0.0000,0.0000,16381.0000,186.0000,-202.0000,-89.0000,0.0847
11277823,101294.789062,20.150000,2.515693,0.2300,0.2100,9.5700,-0.0625,-0.0625,0.0625,0.0000,0.0000,0.0000,16381.0000,186.0000,-202.0000,-89.0000,0.0805
11309483,101298.703125,20.150000,2.189381,0.2300,0.2100,9.5800,-0.0625,0.1250,-0.0625,0.0000,0.0000,0.0000,16381.0000,186.0000,-202.0000,-89.0000,0.0247
11344392,101288.046875,20.160000,3.076851,0.2200,0.2000,9.5800,0.0000,0.0000,0.0000,0.0000,0.0000,0.0000,16381.0000,186.0000,-202.0000,-89.0000,0.1088
11375311,101289.796875,20.150000,2.931476,0.2200,0.2000,9.5700,-0.0625,-0.0625,0.0000,0.0000,0.0000,0.0000,16381.0000,186.0000,-202.0000,-89.0000,0.1117
11407661,101290.882812,20.150000,2.840998,0.2300,0.2100,9.5800,0.0000,-0.0625,0.0000,0.0000,0.0000,0.0000,16381.0000,186.0000,-202.0000,-89.0000,0.0863
11438164,101294.789062,20.150000,2.515693,0.2200,0.2100,9.5900,0.0625,-0.0625,0.0625,0.0000,0.0000,0.0000,16381.0000,186.0000,-202.0000,-89.0000,0.0603
11468715,101290.882812,20.150000,2.840998,0.2200,0.2100,9.5700,-0.0625,-0.2500,0.0625,0.0000,0.0000,0.0000,16381.0000,186.0000,-202.0000,-89.0000,-0.0074
11504914,101295.867188,20.160000,2.425727,0.2400,0.2200,9.5800,-0.0625,0.0000,-0.1875,0.0000,0.0000,0.0000,16381.0000,186.0000,-202.0000,-89.0000,-0.0507
11535814,101290.882812,20.150000,2.840998,0.2400,0.1500,9.5800,0.0000,0.0625,-0.1875,0.0000,0.0000,0.0000,16381.0000,186.0000,-202.0000,-89.0000,-0.0543
11566345,101289.796875,20.150000,2.931476,0.2200,0.4100,9.5800,-0.0625,-0.1250,-8.1875,0.0000,0.0000,0.0000,16381.0000,186.0000,-202.0000,-111.0000,0.0145
11605754,101298.703125,20.150000,2.189381,0.2200,0.2000,9.5700,0.0000,0.0625,0.3750,0.0000,0.0000,0.0000,16381.0000,186.0000,-202.0000,-113.0000,-0.0199
11636322,101290.882812,20.150000,2.840998,0.2300,0.1900,9.5900,0.0625,0.0000,3.9375,0.0000,0.0000,0.0000,16381.0000,186.0000,-202.0000,-104.0000,0.0452
11666867,101286.968750,20.150000,3.166822,0.2200,0.2200,9.5800,0.0625,0.1250,1.0625,0.0000,0.0000,0.0000,16381.0000,186.0000,-202.0000,-96.0000,0.0477
11697413,101294.789062,20.150000,2.515693,0.2200,0.2400,9.5500,-0.0625,-0.3125,1.8125,0.0000,0.0000,0.0000,16381.0000,186.0000,-202.0000,-90.0000,-0.0040
11729778,101286.968750,20.150000,3.166822,0.2000,0.2200,9.5700,-0.0625,0.0000,3.2500,0.0000,0.0000,0.0000,16382.0000,186.0000,-202.0000,-78.0000,0.0156
11760350,101290.882812,20.150000,2.840998,-0.0500,0.3400,9.5800,0.1250,0.0625,4.4375,0.0000,0.0000,0.0000,16382.0000,185.0000,-202.0000,-63.0000,0.0315
11795107,101294.789062,20.150000,2.515693,0.1800,0.1800,9.5700,0.0625,0.1250,3.9375,0.0000,0.0000,0.0000,16382.0000,185.0000,-203.0000,-34.0000,0.0055
11827471,101299.781250,20.160000,2.099926,0.1600,0.2000,9.4800,0.2500,0.1250,7.1875,0.0000,0.0000,0.0000,16382.0000,185.0000,-203.0000,-8.0000,-0.0123
11858082,101293.039062,20.160000,2.661062,0.0100,0.2100,9.5500,0.0000,0.0000,7.1250,0.0000,0.0000,0.0000,16382.0000,184.0000,-203.0000,21.0000,-0.0285
11888646,101288.046875,20.160000,3.076851,0.0800,0.2100,9.5900,-0.0625,0.0625,7.4375,0.0000,0.0000,0.0000,16382.0000,184.0000,-204.0000,52.0000,-0.0223
11927396,101300.859375,20.160000,2.009964,-0.0700,0.2100,9.5700,0.5000,0.1250,6.6875,0.0000,0.0000,0.0000,16381.0000,184.0000,-203.0000,89.0000,-0.0207
11980335,101284.140625,20.160000,3.402174,0.3300,0.0500,9.5100,-0.3125,-0.3125,6.5625,0.0000,0.0000,0.0000,16381.0000,181.0000,-197.0000,138.0000,0.0177
12010762,101290.882812,20.150000,2.840998,0.2200,0.1200,9.5300,-0.1250,0.0625,6.3125,0.0000,0.0000,0.0000,16381.0000,180.0000,-197.0000,163.0000,-0.0279
12041281,101293.039062,20.160000,2.661062,-0.0900,0.0700,9.4400,0.2500,-0.0625,6.7500,0.0000,0.0000,0.0000,16381.0000,179.0000,-196.0000,192.0000,0.0069
12078860,101291.960938,20.160000,2.751030,0.3000,0.1400,9.5900,0.0625,0.3750,2.1250,0.0000,0.0000,0.0000,16380.0000,177.0000,-194.0000,215.0000,-0.0394
12109417,101290.882812,20.150000,2.840998,0.0000,0.0800,9.5900,-0.1875,0.0625,1.1875,0.0000,0.0000,0.0000,16380.0000,175.0000,-192.0000,220.0000,-0.0459
12139954,101303.687500,20.160000,1.774644,0.2400,0.0900,9.6100,0.1875,0.0625,-0.1250,0.0000,0.0000,0.0000,16380.0000,172.0000,-190.0000,224.0000,-0.1070
12177108,101293.039062,20.160000,2.661062,0.1500,0.2600,9.5500,0.0000,0.2500,-1.5625,0.0000,0.0000,0.0000,16381.0000,172.0000,-190.0000,216.0000,-0.0473
12208074,101300.859375,20.160000,2.009964,0.0000,0.0000,9.5200,-0.1875,-0.1875,-2.5000,0.0000,0.0000,0.0000,16381.0000,171.0000,-189.0000,210.0000,-0.1023
12238603,101299.781250,20.160000,2.099926,-0.0100,0.0600,9.4500,-0.3125,-0.3125,-4.1875,0.0000,0.0000,0.0000,16381.0000,166.0000,-181.0000,194.0000,-0.1852
12269093,101293.039062,20.160000,2.661062,0.0000,0.1100,9.5500,-0.3125,-0.0625,-3.0625,0.0000,0.0000,0.0000,16381.0000,166.0000,-179.0000,179.0000,-0.1034
12301753,101294.117188,20.170000,2.571604,0.2200,0.2700,9.5200,-0.3125,0.3125,-6.6250,0.0000,0.0000,0.0000,16381.0000,166.0000,-178.0000,155.0000,-0.1829
12332304,101294.117188,20.170000,2.571604,0.2700,0.1300,9.5300,-0.3125,0.3750,-9.3125,0.0000,0.0000,0.0000,16382.0000,166.0000,-179.0000,124.0000,-0.2081
12366098,101291.960938,20.160000,2.751030,-0.0700,0.4500,9.6000,-0.0625,0.9375,-9.8750,0.0000,0.0000,0.0000,16382.0000,167.0000,-176.0000,81.0000,-0.1973
12398796,101293.039062,20.160000,2.661062,0.4300,0.4800,9.5800,-0.3125,0.0000,-3.7500,0.0000,0.0000,0.0000,16382.0000,169.0000,-175.0000,51.0000,-0.2009
12429355,101293.039062,20.160000,2.661062,0.6900,0.2200,9.6200,0.2500,0.4375,0.5625,0.0000,0.0000,0.0000,16382.0000,169.0000,-175.0000,48.0000,-0.2218
12459919,101289.132812,20.160000,2.986373,0.4800,0.0700,9.5700,0.0000,0.3750,1.8750,0.0000,0.0000,0.0000,16382.0000,169.0000,-175.0000,54.0000,-0.1230
12498950,101291.960938,20.160000,2.751030,0.3000,0.1200,9.6300,0.0000,-0.8750,-2.2500,0.0000,0.0000,0.0000,16382.0000,167.0000,-180.0000,53.0000,-0.1187
12529482,101295.867188,20.160000,2.425727,0.4700,0.3300,9.5700,0.0000,0.1250,-4.8125,0.0000,0.0000,0.0000,16382.0000,168.0000,-184.0000,33.0000,-0.0689
12560027,101293.039062,20.160000,2.661062,0.7300,0.2200,9.4600,-0.1250,-1.1250,-6.5000,0.0000,0.0000,0.0000,16382.0000,171.0000,-193.0000,8.0000,-0.0073
12590530,101291.960938,20.160000,2.751030,0.6800,0.3100,9.6000,-0.1875,-0.2500,-9.0625,0.0000,0.0000,0.0000,16382.0000,174.0000,-207.0000,-27.0000,-0.0013
12622903,101289.132812,20.160000,2.986373,0.4700,0.4100,9.5600,-0.2500,-0.3125,-11.1250,0.0000,0.0000,0.0000,16381.0000,179.0000,-219.0000,-69.0000,0.0373
12658122,101296.953125,20.160000,2.335254,0.3800,0.7300,9.5100,-0.1875,-0.2500,-6.7500,0.0000,0.0000,0.0000,16381.0000,187.0000,-224.0000,-111.0000,0.0107
12689562,101293.039062,20.160000,2.661062,0.1500,0.0300,9.5000,0.1875,-0.0625,2.8750,0.0000,0.0000,0.0000,16381.0000,187.0000,-224.0000,-104.0000,0.0072
12721914,101293.039062,20.160000,2.661062,0.1900,0.2200,9.6300,0.2500,0.6250,0.0000,0.0000,0.0000,0.0000,16381.0000,187.0000,-223.0000,-103.0000,0.0155
12752454,101298.703125,20.150000,2.189381,0.2400,0.0600,9.5500,0.0625,0.0000,-5.2500,0.0000,0.0000,0.0000,16381.0000,187.0000,-223.0000,-112.0000,-0.0187
12782980,101293.039062,20.160000,2.661062,0.2800,0.0600,9.5600,0.0000,0.0000,-15.5000,0.0000,0.0000,0.0000,16381.0000,185.0000,-222.0000,-162.0000,-0.0328
12819434,101300.859375,20.160000,2.009964,0.2200,0.1100,9.5700,0.0625,-0.3750,-21.3750,0.0000,0.0000,0.0000,16379.0000,185.0000,-221.0000,-276.0000,-0.0903
12850284,101293.039062,20.160000,2.661062,0.2300,0.2200,9.5700,-0.0625,-0.2500,-25.0625,0.0000,0.0000,0.0000,16377.0000,186.0000,-220.0000,-377.0000,-0.0631
12880877,101293.039062,20.160000,2.661062,0.0800,0.8800,9.5900,0.0625,-0.1250,-14.6250,0.0000,0.0000,0.0000,16375.0000,188.0000,-219.0000,-461.0000,-0.0726
12911451,101286.968750,20.150000,3.166822,0.2200,0.2000,9.5700,-0.0625,0.0625,0.0000,0.0000,0.0000,0.0000,16375.0000,188.0000,-219.0000,-467.0000,-0.0440
12950509,101293.039062,20.160000,2.661062,0.2100,0.2200,9.5600,-0.0625,-0.0625,0.0000,0.0000,0.0000,0.0000,16375.0000,188.0000,-219.0000,-467.0000,-0.0860
12981046,101290.882812,20.150000,2.840998,0.2200,0.1900,9.5500,-0.1250,-0.0625,-0.0625,0.0000,0.0000,0.0000,16375.0000,188.0000,-218.0000,-467.0000,-0.0307
13011539,101295.187500,20.170000,2.482146,0.2200,0.2100,9.5700,-0.1250,-0.0625,-0.0625,0.0000,0.0000,0.0000,16375.0000,188.0000,-218.0000,-467.0000,-0.0396
13043907,101289.132812,20.160000,2.986373,0.2200,0.2000,9.5800,0.0000,0.0000,-0.0625,0.0000,0.0000,0.0000,16375.0000,188.0000,-218.0000,-467.0000,-0.0100
13074417,101293.039062,20.160000,2.661062,0.2300,0.2000,9.5800,-0.1250,0.0000,-0.1250,0.0000,0.0000,0.0000,16375.0000,188.0000,-218.0000,-467.0000,0.0343
13104967,101285.218750,20.160000,3.312710,0.2100,0.2100,9.5800,0.0000,-0.0625,-0.1250,0.0000,0.0000,0.0000,16375.0000,188.0000,-218.0000,-467.0000,0.0900
13140747,101293.039062,20.160000,2.661062,0.2300,0.2100,9.5700,0.0000,-0.1250,0.0625,0.0000,0.0000,0.0000,16375.0000,188.0000,-218.0000,-467.0000,0.1504
13171487,101286.289062,20.170000,3.223245,0.2200,0.2000,9.5800,0.1250,-0.0625,-0.0625,0.0000,0.0000,0.0000,16375.0000,188.0000,-218.0000,-467.0000,0.1990
13202029,101300.859375,20.160000,2.009964,0.2300,0.2000,9.5700,-0.0625,0.2500,-0.0625,0.0000,0.0000,0.0000,16375.0000,188.0000,-218.0000,-467.0000,0.1523
13234342,101289.132812,20.160000,2.986373,0.2200,0.2100,9.5600,-0.0625,0.0000,-0.0625,0.0000,0.0000,0.0000,16375.0000,187.0000,-218.0000,-467.0000,0.1184
13264894,101296.953125,20.160000,2.335254,0.2200,0.2100,9.5700,0.0000,-0.1250,0.0000,0.0000,0.0000,0.0000,16375.0000,187.0000,-218.0000,-467.0000,0.0959
13295472,101289.132812,20.160000,2.986373,0.2200,0.2200,9.5800,-0.0625,-0.1250,0.0625,0.0000,0.0000,0.0000,16375.0000,187.0000,-218.0000,-467.0000,0.1140
13328949,101296.953125,20.160000,2.335254,0.2100,0.2000,9.6200,0.5625,0.7500,0.0625,0.0000,0.0000,0.0000,16375.0000,187.0000,-216.0000,-467.0000,0.1030
13366556,101285.218750,20.160000,3.312710,0.1700,0.3500,9.5600,0.1250,0.3750,0.3750,0.0000,0.0000,0.0000,16375.0000,187.0000,-215.0000,-467.0000,0.1327
13401190,101303.023438,20.170000,1.830043,0.1900,0.1600,9.5800,-0.2500,-0.1250,1.1875,0.0000,0.0000,0.0000,16375.0000,187.0000,-216.0000,-462.0000,0.0698
13432253,101291.281250,20.170000,2.807451,0.2400,0.1800,9.5700,-0.3125,-0.3750,-4.6875,0.0000,0.0000,0.0000,16375.0000,187.0000,-217.0000,-478.0000,0.0134
13464617,101285.218750,20.160000,3.312710,0.2100,0.2200,9.5900,0.0625,0.0625,-5.0625,0.0000,0.0000,0.0000,16374.0000,187.0000,-217.0000,-500.0000,0.0543
13495135,101295.187500,20.170000,2.482146,0.1500,0.4000,9.5600,-0.1250,1.1875,-6.4375,0.0000,0.0000,0.0000,16373.0000,188.0000,-215.0000,-522.0000,-0.0162
13525719,101294.117188,20.170000,2.571604,0.1500,1.7100,9.6400,0.9375,1.1250,-1.0000,0.0000,0.0000,0.0000,16373.0000,192.0000,-205.0000,-537.0000,0.0501
13592030,101294.117188,20.170000,2.571604,0.4900,0.4400,10.2200,12.0000,14.0625,17.3750,0.0000,0.0000,0.0000,16377.0000,243.0000,-109.0000,-404.0000,-0.0026
13623076,101298.031250,20.170000,2.245798,0.0900,0.3000,10.4000,11.8750,48.5000,-10.2500,0.0000,0.0000,0.0000,16376.0000,295.0000,51.0000,-409.0000,0.0115
13653550,101293.039062,20.160000,2.661062,-0.5600,0.2000,12.7300,-3.3750,62.3750,-31.8750,0.0000,0.0000,0.0000,16371.0000,306.0000,295.0000,-503.0000,-0.0174
13684028,101291.281250,20.170000,2.807451,-0.4400,0.0000,13.2600,6.6250,54.2500,-34.6875,0.0000,0.0000,0.0000,16359.0000,314.0000,540.0000,-643.0000,0.0269
13716386,101293.039062,20.160000,2.661062,-0.4900,-0.0700,13.2500,19.2500,27.3125,-36.1250,0.0000,0.0000,0.0000,16346.0000,379.0000,699.0000,-789.0000,-0.0365
13750033,101293.039062,20.160000,2.661062,-0.4100,1.4200,12.7700,32.5625,-14.3125,-33.1250,0.0000,0.0000,0.0000,16334.0000,506.0000,700.0000,-940.0000,0.0502
13783234,101293.039062,20.160000,2.661062,0.7900,-0.1400,12.3200,25.0000,-34.6250,-35.8125,0.0000,0.0000,0.0000,16324.0000,622.0000,521.0000,-1141.0000,0.0179
13823229,101304.773438,20.160000,1.684176,-1.5300,0.1800,11.8800,26.7500,-4.0625,-35.8125,0.0000,0.0000,0.0000,16300.0000,820.0000,484.0000,-1354.0000,-0.1450
13853776,101284.140625,20.160000,3.402174,-0.7700,2.1400,11.2900,60.6250,-29.2500,-50.8750,0.0000,0.0000,0.0000,16269.0000,1063.0000,377.0000,-1578.0000,-0.0530
13884383,101294.117188,20.170000,2.571604,0.0700,1.2600,10.9900,46.6875,-16.1875,-48.8750,0.0000,0.0000,0.0000,16235.0000,1247.0000,278.0000,-1801.0000,-0.0530
13916733,101293.039062,20.160000,2.661062,-0.0600,2.2400,10.0900,39.5000,-11.2500,-48.8750,0.0000,0.0000,0.0000,16196.0000,1434.0000,221.0000,-2004.0000,-0.0440
13948014,101285.218750,20.160000,3.312710,-0.3800,1.8800,10.5200,29.0625,-3.8750,-46.7500,0.0000,0.0000,0.0000,16159.0000,1542.0000,200.0000,-2211.0000,0.0627
13983208,101287.367188,20.170000,3.133782,-0.3100,1.9200,9.3300,53.0625,-15.9375,-36.1250,0.0000,0.0000,0.0000,16101.0000,1806.0000,114.0000,-2436.0000,0.1099
14015576,101291.281250,20.170000,2.807451,-0.1100,2.1000,9.1700,39.5000,-33.6875,-31.0000,0.0000,0.0000,0.0000,16057.0000,1975.0000,-34.0000,-2589.0000,0.1099
14046137,101294.117188,20.170000,2.571604,0.2900,2.3700,8.2100,33.7500,-38.0000,-15.4375,0.0000,0.0000,0.0000,16025.0000,2092.0000,-185.0000,-2686.0000,0.1010
14076629,101293.039062,20.160000,2.661062,-0.6400,2.0600,7.8300,25.9375,-63.6250,-9.0000,0.0000,0.0000,0.0000,15996.0000,2183.0000,-425.0000,-2759.0000,0.1010
14107151,101286.289062,20.170000,3.223245,-0.1100,1.0300,7.6000,20.8125,-59.8125,-25.6250,0.0000,0.0000,0.0000,15963.0000,2218.0000,-688.0000,-2870.0000,0.1572
14143940,101288.046875,20.160000,3.076851,-0.4500,2.5000,9.7200,16.9375,-27.0625,-20.1250,0.0000,0.0000,0.0000,15918.0000,2285.0000,-872.0000,-3013.0000,0.2965
14174783,101277.390625,20.160000,3.964397,-0.7000,1.2400,7.3000,18.2500,-42.0625,-21.0625,0.0000,0.0000,0.0000,15885.0000,2334.0000,-1002.0000,-3106.0000,0.3527
14205335,101293.039062,20.160000,2.661062,0.3300,1.9600,7.5100,-0.6250,-65.3125,-38.6250,0.0000,0.0000,0.0000,15838.0000,2317.0000,-1222.0000,-3277.0000,0.3616
14244717,101285.218750,20.160000,3.312710,0.4500,2.1300,8.0600,6.4375,-78.1250,-31.4375,0.0000,0.0000,0.0000,15759.0000,2265.0000,-1603.0000,-3519.0000,0.4268
14275279,101286.289062,20.170000,3.223245,0.2700,1.4200,6.8800,0.5000,-57.3750,-28.0000,0.0000,0.0000,0.0000,15703.0000,2229.0000,-1852.0000,-3667.0000,0.4179
14305804,101295.187500,20.170000,2.482146,0.9700,1.3500,5.3700,7.1250,-46.2500,-35.3750,0.0000,0.0000,0.0000,15646.0000,2217.0000,-2030.0000,-3822.0000,0.3527
14338120,101298.031250,20.170000,2.245798,1.6200,2.8200,6.4600,10.4375,-37.7500,-32.5000,0.0000,0.0000,0.0000,15583.0000,2234.0000,-2183.0000,-3981.0000,0.2965
14368699,101289.132812,20.160000,2.986373,1.7100,3.1100,7.3000,12.6875,-26.8125,-13.1875,0.0000,0.0000,0.0000,15539.0000,2258.0000,-2308.0000,-4067.0000,0.3380
14403477,101285.218750,20.160000,3.312710,1.5300,2.9300,7.2400,10.3750,-5.0000,-5.2500,0.0000,0.0000,0.0000,15518.0000,2296.0000,-2364.0000,-4094.0000,0.4032
14435860,101286.289062,20.170000,3.223245,1.6100,3.0400,7.5200,12.5625,-0.8750,-11.8750,0.0000,0.0000,0.0000,15499.0000,2351.0000,-2362.0000,-4138.0000,0.4032
14466432,101284.140625,20.160000,3.402174,1.7900,3.3300,7.7400,11.8750,-6.8750,-7.6250,0.0000,0.0000,0.0000,15477.0000,2398.0000,-2392.0000,-4173.0000,0.4357
14496977,101287.367188,20.170000,3.133782,1.8100,3.1000,7.7200,3.0625,2.5625,-3.5625,0.0000,0.0000,0.0000,15467.0000,2433.0000,-2404.0000,-4186.0000,0.3526
14530614,101289.132812,20.160000,2.986373,1.6500,2.7700,7.7300,-7.8125,10.1875,-8.5000,0.0000,0.0000,0.0000,15468.0000,2425.0000,-2359.0000,-4211.0000,0.3852
14565369,101294.117188,20.170000,2.571604,1.7700,3.3000,8.4800,-3.8750,7.0625,-9.2500,0.0000,0.0000,0.0000,15465.0000,2420.0000,-2304.0000,-4256.0000,0.3111
14596218,101285.218750,20.160000,3.312710,1.7600,2.7900,8.3300,-4.6250,6.0000,-6.5625,0.0000,0.0000,0.0000,15464.0000,2415.0000,-2271.0000,-4279.0000,0.3200
14626847,101286.289062,20.170000,3.223245,1.6500,3.0900,8.8200,-13.8750,0.2500,-8.3125,0.0000,0.0000,0.0000,15464.0000,2382.0000,-2245.0000,-4313.0000,0.3941
14666236,101285.218750,20.160000,3.312710,1.7100,2.8800,8.3500,-13.4375,-10.6250,-3.3750,0.0000,0.0000,0.0000,15458.0000,2306.0000,-2264.0000,-4364.0000,0.5008
14696781,101286.289062,20.170000,3.223245,2.0000,2.5800,7.9900,-12.0625,-10.9375,-3.3125,0.0000,0.0000,0.0000,15455.0000,2248.0000,-2296.0000,-4389.0000,0.5245
14727323,101283.062500,20.150000,3.492148,1.8400,1.9800,7.8100,-12.7500,-4.0625,-3.1875,0.0000,0.0000,0.0000,15455.0000,2188.0000,-2307.0000,-4413.0000,0.5424
14759671,101296.953125,20.160000,2.335254,1.5500,1.8600,8.0300,-8.1875,7.6875,-10.5000,0.0000,0.0000,0.0000,15454.0000,2163.0000,-2278.0000,-4445.0000,0.4536
14791686,101286.289062,20.170000,3.223245,1.3400,2.3500,8.2800,-7.1875,9.9375,-23.1250,0.0000,0.0000,0.0000,15442.0000,2156.0000,-2220.0000,-4516.0000,0.4357
14826262,101285.218750,20.160000,3.312710,1.8000,3.6200,8.6800,-20.3750,8.1875,-23.2500,0.0000,0.0000,0.0000,15423.0000,2105.0000,-2142.0000,-4643.0000,0.4536
14858595,101289.531250,20.180000,2.953333,1.8000,2.1200,7.5300,-18.8750,4.4375,-11.7500,0.0000,0.0000,0.0000,15420.0000,2047.0000,-2104.0000,-4696.0000,0.4503
14889126,101293.039062,20.160000,2.661062,1.6600,2.2100,8.2500,-26.5000,13.4375,-16.1250,0.0000,0.0000,0.0000,15419.0000,1975.0000,-2026.0000,-4763.0000,0.4593
14919723,101285.218750,20.160000,3.312710,1.7700,3.3500,8.9600,-20.0000,15.2500,-19.3750,0.0000,0.0000,0.0000,15416.0000,1910.0000,-1927.0000,-4840.0000,0.4593
14956628,101287.367188,20.170000,3.133782,1.7100,2.6700,8.7100,-21.3750,11.6875,-10.2500,0.0000,0.0000,0.0000,15416.0000,1833.0000,-1821.0000,-4909.0000,0.4503
14987539,101293.039062,20.160000,2.661062,1.1600,1.9800,8.7700,-8.9375,16.5000,-6.8750,0.0000,0.0000,0.0000,15418.0000,1818.0000,-1750.0000,-4933.0000,0.3852
15018069,101295.187500,20.170000,2.482146,1.2300,1.9100,9.0600,-4.8125,19.0000,-11.6250,0.0000,0.0000,0.0000,15416.0000,1832.0000,-1667.0000,-4964.0000,0.3111
15048617,101293.039062,20.160000,2.661062,1.3900,2.6000,9.6700,-12.3125,8.6875,-10.4375,0.0000,0.0000,0.0000,15411.0000,1815.0000,-1598.0000,-5008.0000,0.2279
15087694,101285.218750,20.160000,3.312710,1.1800,1.8800,8.8200,-12.0625,4.3750,-4.2500,0.0000,0.0000,0.0000,15412.0000,1762.0000,-1548.0000,-5041.0000,0.3257
15118219,101286.289062,20.170000,3.223245,1.2500,1.7800,8.8300,-19.8125,4.6875,-8.3750,0.0000,0.0000,0.0000,15412.0000,1716.0000,-1501.0000,-5070.0000,0.3257
15148791,101293.039062,20.160000,2.661062,1.4400,2.1000,8.6800,-18.4375,0.3125,-12.9375,0.0000,0.0000,0.0000,15405.0000,1642.0000,-1467.0000,-5125.0000,0.2605
15181156,101291.281250,20.170000,2.807451,1.5700,2.0100,8.5700,-23.0625,8.1875,-11.2500,0.0000,0.0000,0.0000,15400.0000,1569.0000,-1422.0000,-5175.0000,0.2459
15246563,101289.132812,20.160000,2.986373,0.9000,1.8300,9.2300,-25.7500,22.6875,-15.7500,0.0000,0.0000,0.0000,15397.0000,1388.0000,-1213.0000,-5289.0000,0.2785
15278419,101286.289062,20.170000,3.223245,1.1700,1.5100,9.4500,-20.0000,34.0000,-20.0625,0.0000,0.0000,0.0000,15386.0000,1338.0000,-1000.0000,-5377.0000,0.2695
15310575,101285.218750,20.160000,3.312710,1.1200,1.4100,9.5400,-29.8750,21.8750,-21.3125,0.0000,0.0000,0.0000,15373.0000,1264.0000,-849.0000,-5458.0000,0.2874
15341139,101295.187500,20.170000,2.482146,0.7700,1.8000,9.6000,-26.5625,16.9375,-19.5625,0.0000,0.0000,0.0000,15357.0000,1186.0000,-745.0000,-5535.0000,0.2695
15371703,101287.367188,20.170000,3.133782,0.5600,1.5800,9.7800,-26.3125,11.4375,-17.7500,0.0000,0.0000,0.0000,15341.0000,1106.0000,-647.0000,-5607.0000,0.3347
15407924,101295.187500,20.170000,2.482146,0.7300,1.5800,9.9500,-24.9375,0.0625,-15.7500,0.0000,0.0000,0.0000,15320.0000,985.0000,-589.0000,-5695.0000,0.3168
15438987,101283.460938,20.170000,3.459107,0.8800,1.3600,9.0500,-22.5625,-3.1250,-17.6875,0.0000,0.0000,0.0000,15299.0000,898.0000,-572.0000,-5766.0000,0.3314
15469501,101295.187500,20.170000,2.482146,0.3900,1.1300,9.3900,-17.5625,-10.0625,-18.3125,0.0000,0.0000,0.0000,15275.0000,822.0000,-568.0000,-5839.0000,0.2573
15500100,101295.187500,20.170000,2.482146,0.2500,0.8200,9.9300,-24.8750,-9.6250,-22.5625,0.0000,0.0000,0.0000,15245.0000,725.0000,-576.0000,-5930.0000,0.2394
15539078,101294.117188,20.170000,2.571604,0.5000,0.5700,9.7000,-36.5625,-4.0000,-24.3125,0.0000,0.0000,0.0000,15204.0000,538.0000,-527.0000,-6059.0000,0.2159
15569601,101284.539062,20.180000,3.369133,0.7700,0.6400,9.8100,-34.1875,-0.6875,-24.0000,0.0000,0.0000,0.0000,15170.0000,389.0000,-478.0000,-6157.0000,0.2541
15600216,101289.132812,20.160000,2.986373,0.6300,0.5600,10.1600,-21.5625,12.7500,-26.1250,0.0000,0.0000,0.0000,15134.0000,304.0000,-410.0000,-6256.0000,0.2304
15632570,101295.187500,20.170000,2.482146,0.0900,0.0300,10.2100,-15.2500,17.2500,-31.8750,0.0000,0.0000,0.0000,15088.0000,272.0000,-318.0000,-6372.0000,0.1474
15664598,101287.367188,20.170000,3.133782,0.1700,0.2500,10.1800,-18.9375,14.3125,-32.5000,0.0000,0.0000,0.0000,15038.0000,232.0000,-229.0000,-6496.0000,0.2125
15699103,101287.367188,20.170000,3.133782,0.2500,0.4900,10.4900,-20.5625,15.8750,-33.0625,0.0000,0.0000,0.0000,14967.0000,166.0000,-108.0000,-6663.0000,0.2125
15731451,101297.351562,20.180000,2.302217,0.2200,0.3600,10.0900,-4.4375,5.7500,-32.7500,0.0000,0.0000,0.0000,14910.0000,162.0000,-60.0000,-6789.0000,0.1946
15762008,101292.359375,20.180000,2.717991,-0.1900,-0.4900,10.2100,-18.3750,6.8750,-29.6875,0.0000,0.0000,0.0000,14858.0000,115.0000,-14.0000,-6903.0000,0.1204
15792575,101289.531250,20.180000,2.953333,-0.8300,0.3100,11.1700,-18.8125,10.5000,-37.1875,0.0000,0.0000,0.0000,14800.0000,65.0000,57.0000,-7029.0000,0.1676
15829434,101287.367188,20.170000,3.133782,-0.6800,0.0700,10.1400,-24.0625,1.8750,-44.8750,0.0000,0.0000,0.0000,14695.0000,-40.0000,130.0000,-7244.0000,0.2327
15860464,101294.117188,20.170000,2.571604,-0.2200,-0.7100,10.0300,-24.9375,-6.8750,-41.4375,0.0000,0.0000,0.0000,14614.0000,-146.0000,148.0000,-7404.0000,0.2327
15891062,101295.187500,20.170000,2.482146,-0.1300,0.4500,10.2200,1.8125,6.0625,-28.8125,0.0000,0.0000,0.0000,14553.0000,-170.0000,163.0000,-7524.0000,0.1440
15930437,101286.289062,20.170000,3.223245,-0.9300,0.0300,10.0800,10.9375,10.2500,-23.1250,0.0000,0.0000,0.0000,14487.0000,-99.0000,186.0000,-7650.0000,0.1677
15961009,101286.289062,20.170000,3.223245,-1.0700,0.1400,11.9500,22.7500,-15.0000,-15.4375,0.0000,0.0000,0.0000,14451.0000,-67.0000,143.0000,-7719.0000,0.2418
15991560,101295.187500,20.170000,2.482146,-0.1600,0.8100,10.0800,90.2500,-16.0625,-12.4375,0.0000,0.0000,0.0000,14431.0000,181.0000,-116.0000,-7755.0000,0.1767
16022136,101295.187500,20.170000,2.482146,-0.8700,0.5700,9.3600,30.1250,-20.5625,-1.1875,0.0000,0.0000,0.0000,14416.0000,332.0000,-270.0000,-7774.0000,0.1115
16055955,101295.187500,20.170000,2.482146,0.3900,0.9000,8.3700,-1.2500,-23.1250,-14.3125,0.0000,0.0000,0.0000,14401.0000,283.0000,-393.0000,-7797.0000,0.1295
16090483,101287.367188,20.170000,3.133782,0.8600,0.2400,9.2300,-44.8125,6.5000,-19.4375,0.0000,0.0000,0.0000,14352.0000,107.0000,-282.0000,-7898.0000,0.1711
16121333,101303.023438,20.170000,1.830043,-1.5400,0.4600,13.7600,-34.3750,23.2500,-15.9375,0.0000,0.0000,0.0000,14317.0000,49.0000,-120.0000,-7965.0000,0.0587
16153706,101297.351562,20.180000,2.302217,0.2200,-0.3600,9.4300,-4.0000,-2.1250,-7.6875,0.0000,0.0000,0.0000,14301.0000,75.0000,-124.0000,-7993.0000,-0.0244
16184237,101288.453125,20.180000,3.043303,0.2000,0.2100,9.5600,-2.8750,-4.1250,-10.6875,0.0000,0.0000,0.0000,14281.0000,50.0000,-128.0000,-8029.0000,0.0228
16214849,101295.187500,20.170000,2.482146,0.1800,0.1200,9.4300,-1.6250,-4.2500,-5.8125,0.0000,0.0000,0.0000,14265.0000,31.0000,-142.0000,-8058.0000,0.0228
16250979,101295.187500,20.170000,2.482146,0.2300,-0.0500,9.5000,1.9375,-0.3750,-2.7500,0.0000,0.0000,0.0000,14256.0000,38.0000,-151.0000,-8074.0000,-0.0514
16281837,101297.351562,20.180000,2.302217,0.3500,-0.0100,9.5700,-5.6875,-4.0000,-2.2500,0.0000,0.0000,0.0000,14252.0000,13.0000,-151.0000,-8080.0000,-0.1435
16312388,101291.281250,20.170000,2.807451,0.2400,0.0900,9.6700,-0.3125,-3.7500,-4.7500,0.0000,0.0000,0.0000,14244.0000,-10.0000,-159.0000,-8094.0000,-0.1109
16351818,101288.453125,20.180000,3.043303,0.5300,0.0500,9.4200,9.8125,-1.1875,-4.3125,0.0000,0.0000,0.0000,14231.0000,22.0000,-192.0000,-8116.0000,-0.0548
16382384,101290.210938,20.170000,2.896911,0.3100,-0.1100,9.5600,4.3750,5.0000,1.3750,0.0000,0.0000,0.0000,14231.0000,69.0000,-211.0000,-8116.0000,-0.0133
16412910,101287.367188,20.170000,3.133782,0.2700,-0.0200,9.6700,0.3750,4.8125,0.0000,0.0000,0.0000,0.0000,14232.0000,81.0000,-195.0000,-8115.0000,-0.0133
16443459,101297.351562,20.180000,2.302217,0.2800,0.0500,9.6600,-0.7500,4.8750,-1.9375,0.0000,0.0000,0.0000,14229.0000,88.0000,-177.0000,-8120.0000,0.0339
16475811,101299.109375,20.170000,2.155835,0.1100,0.2500,10.2100,0.1250,4.0625,-1.6250,0.0000,0.0000,0.0000,14226.0000,95.0000,-164.0000,-8126.0000,0.0192
16510972,101295.187500,20.170000,2.482146,0.2300,0.0300,9.5900,1.6250,2.8750,1.1875,0.0000,0.0000,0.0000,14226.0000,106.0000,-160.0000,-8124.0000,-0.0369
16542644,101287.367188,20.170000,3.133782,0.4200,0.0200,9.6000,3.5625,5.0000,-4.6875,0.0000,0.0000,0.0000,14218.0000,138.0000,-148.0000,-8139.0000,0.0283
16574965,101299.109375,20.170000,2.155835,0.1800,0.1200,9.6100,0.3125,4.8125,-1.8125,0.0000,0.0000,0.0000,14212.0000,146.0000,-128.0000,-8150.0000,-0.0043
16605570,101294.117188,20.170000,2.571604,0.1800,0.2100,9.6700,1.5000,1.9375,-0.7500,0.0000,0.0000,0.0000,14211.0000,163.0000,-126.0000,-8152.0000,0.0226
16636113,101303.023438,20.170000,1.830043,0.0500,-0.2900,10.0500,-0.1250,-12.0625,1.1875,0.0000,0.0000,0.0000,14212.0000,144.0000,-142.0000,-8149.0000,-0.0751
16672447,101287.367188,20.170000,3.133782,0.3900,0.1300,9.7100,-3.7500,0.5000,-1.6250,0.0000,0.0000,0.0000,14208.0000,148.0000,-183.0000,-8155.0000,-0.0661
16703318,101281.296875,20.160000,3.639057,0.2600,0.1900,9.6100,-0.1250,-0.0625,0.0625,0.0000,0.0000,0.0000,14208.0000,147.0000,-182.0000,-8155.0000,0.0081
16733817,101294.117188,20.170000,2.571604,0.2700,0.1700,9.5700,0.0000,0.1250,-0.0625,0.0000,0.0000,0.0000,14208.0000,145.0000,-183.0000,-8155.0000,-0.0481
16764375,101295.187500,20.170000,2.482146,0.2700,0.1800,9.5600,-0.1875,-0.1875,-0.0625,0.0000,0.0000,0.0000,14208.0000,143.0000,-185.0000,-8155.0000,-0.0301
16803439,101298.031250,20.170000,2.245798,0.2700,0.1800,9.5600,0.0000,0.0000,0.0000,0.0000,0.0000,0.0000,14208.0000,141.0000,-187.0000,-8155.0000,-0.0211
16833989,101296.953125,20.160000,2.335254,0.2500,0.1600,9.5700,0.0000,-0.1875,0.0625,0.0000,0.0000,0.0000,14208.0000,139.0000,-189.0000,-8155.0000,-0.0358
16895076,101286.289062,20.170000,3.223245,0.2700,0.1700,9.5500,0.0625,0.0000,-0.0625,0.0000,0.0000,0.0000,14208.0000,135.0000,-191.0000,-8155.0000,-0.0269
16927901,101291.281250,20.170000,2.807451,0.2800,0.1800,9.5800,0.0000,-0.1250,0.0625,0.0000,0.0000,0.0000,14208.0000,133.0000,-193.0000,-8155.0000,0.0383
16961069,101299.109375,20.170000,2.155835,0.2600,0.1700,9.5700,-0.0625,0.0625,-0.1250,0.0000,0.0000,0.0000,14208.0000,131.0000,-194.0000,-8155.0000,-0.0033
16993854,101294.117188,20.170000,2.571604,0.2700,0.1700,9.5700,-0.0625,-0.1250,-0.0625,0.0000,0.0000,0.0000,14208.0000,129.0000,-196.0000,-8155.0000,0.0709
17026160,101291.281250,20.170000,2.807451,0.2800,0.1800,9.5600,-0.0625,0.0000,0.1875,0.0000,0.0000,0.0000,14208.0000,127.0000,-197.0000,-8155.0000,0.0383
17056768,101295.187500,20.170000,2.482146,0.2500,0.1900,9.5800,0.0000,-0.1250,-0.1250,0.0000,0.0000,0.0000,14208.0000,125.0000,-198.0000,-8155.0000,-0.0774
17087415,101299.109375,20.170000,2.155835,0.2800,0.1800,9.5800,0.0625,0.1250,-0.1250,0.0000,0.0000,0.0000,14208.0000,124.0000,-200.0000,-8155.0000,-0.1190
17117925,101291.281250,20.170000,2.807451,0.2800,0.1800,9.5800,0.1250,0.0625,0.0625,0.0000,0.0000,0.0000,14208.0000,123.0000,-201.0000,-8155.0000,-0.0865
17154027,101299.109375,20.170000,2.155835,0.2600,0.1800,9.5900,-0.0625,-0.1250,0.0625,0.0000,0.0000,0.0000,14208.0000,121.0000,-202.0000,-8155.0000,-0.0955
17184904,101296.273438,20.180000,2.392181,0.2800,0.1700,9.5700,0.0625,-0.0625,0.0000,0.0000,0.0000,0.0000,14208.0000,119.0000,-203.0000,-8155.0000,-0.0898
17215422,101295.187500,20.170000,2.482146,0.2600,0.1600,9.5800,-0.0625,0.1875,0.0625,0.0000,0.0000,0.0000,14208.0000,118.0000,-204.0000,-8155.0000,-0.1639
17254803,101296.273438,20.180000,2.392181,0.2800,0.1800,9.5700,0.0000,-0.0625,-0.0625,0.0000,0.0000,0.0000,14208.0000,116.0000,-206.0000,-8155.0000,-0.2054
17285332,101299.109375,20.170000,2.155835,0.2800,0.1700,9.5800,0.0000,-0.0625,-0.0625,0.0000,0.0000,0.0000,14208.0000,115.0000,-206.0000,-8155.0000,-0.2054
17315850,101291.281250,20.170000,2.807451,0.2900,0.1600,9.5600,-0.0625,0.0000,0.1250,0.0000,0.0000,0.0000,14208.0000,113.0000,-207.0000,-8155.0000,-0.1818
17348162,101295.187500,20.170000,2.482146,0.2700,0.1600,9.5800,0.0000,0.0000,-0.0625,0.0000,0.0000,0.0000,14208.0000,112.0000,-208.0000,-8155.0000,-0.2144
17378713,101300.179688,20.180000,2.066889,0.2800,0.1700,9.5800,0.0000,-0.0625,-0.0625,0.0000,0.0000,0.0000,14208.0000,111.0000,-209.0000,-8155.0000,-0.2559
17409249,101297.351562,20.180000,2.302217,0.2700,0.1800,9.5700,0.1250,0.0000,0.0000,0.0000,0.0000,0.0000,14208.0000,109.0000,-210.0000,-8155.0000,-0.2413
17445160,101295.187500,20.170000,2.482146,0.2900,0.1700,9.5800,0.0000,-0.1250,0.0625,0.0000,0.0000,0.0000,14208.0000,108.0000,-212.0000,-8155.0000,-0.2738
17475919,101295.187500,20.170000,2.482146,0.2500,0.1600,9.5800,0.0000,0.0000,0.0625,0.0000,0.0000,0.0000,14208.0000,106.0000,-212.0000,-8155.0000,-0.2412
17506435,101291.281250,20.170000,2.807451,0.2700,0.1800,9.5500,0.0000,-0.0625,0.0625,0.0000,0.0000,0.0000,14209.0000,105.0000,-213.0000,-8155.0000,-0.1996
17536980,101295.187500,20.170000,2.482146,0.2700,0.1900,9.5800,0.0625,0.1250,0.0625,0.0000,0.0000,0.0000,14209.0000,104.0000,-214.0000,-8155.0000,-0.1996
17569327,101295.187500,20.170000,2.482146,0.2900,0.1600,9.5700,0.0000,0.1250,-0.0625,0.0000,0.0000,0.0000,14209.0000,103.0000,-215.0000,-8155.0000,-0.1906
17599860,101295.187500,20.170000,2.482146,0.2600,0.1700,9.5700,0.0625,0.0625,0.0625,0.0000,0.0000,0.0000,14209.0000,102.0000,-216.0000,-8155.0000,-0.1580
17632908,101295.187500,20.170000,2.482146,0.3000,0.1600,9.5700,-0.1250,0.1875,0.0000,0.0000,0.0000,0.0000,14209.0000,101.0000,-216.0000,-8155.0000,-0.1905
17673481,101295.187500,20.170000,2.482146,0.2500,0.1800,9.5900,-0.0625,-0.1875,-0.1250,0.0000,0.0000,0.0000,14209.0000,100.0000,-217.0000,-8155.0000,-0.1905
17706203,101295.187500,20.170000,2.482146,0.2700,0.1700,9.5900,-0.0625,-0.1250,-0.0625,0.0000,0.0000,0.0000,14209.0000,99.0000,-218.0000,-8154.0000,-0.1490
17736831,101288.453125,20.180000,3.043303,0.2500,0.1700,9.5800,-0.0625,0.0625,0.0000,0.0000,0.0000,0.0000,14209.0000,98.0000,-218.0000,-8154.0000,-0.0749
17769162,101292.359375,20.180000,2.717991,0.2700,0.1700,9.5800,-0.0625,-0.0625,-0.0625,0.0000,0.0000,0.0000,14209.0000,98.0000,-219.0000,-8154.0000,-0.0513
17799707,101297.351562,20.180000,2.302217,0.2800,0.1700,9.5700,0.0000,-0.1250,0.0000,0.0000,0.0000,0.0000,14209.0000,98.0000,-219.0000,-8154.0000,-0.0693
17830204,101289.531250,20.180000,2.953333,0.2600,0.1700,9.5900,0.0000,-0.0625,-0.0625,0.0000,0.0000,0.0000,14209.0000,98.0000,-219.0000,-8154.0000,-0.0547
17862736,101294.117188,20.170000,2.571604,0.2800,0.1700,9.5700,0.0000,-0.1875,0.1250,0.0000,0.0000,0.0000,14209.0000,98.0000,-219.0000,-8154.0000,-0.0458
17897039,101296.273438,20.180000,2.392181,0.2700,0.1600,9.5900,0.0000,0.0625,0.0000,0.0000,0.0000,0.0000,14209.0000,98.0000,-219.0000,-8154.0000,-0.0548
17927581,101297.351562,20.180000,2.302217,0.3000,0.1600,9.5700,-0.1875,-0.3125,0.0625,0.0000,0.0000,0.0000,14209.0000,98.0000,-219.0000,-8154.0000,-0.0728
17958093,101295.187500,20.170000,2.482146,0.2800,0.1700,9.5600,0.0000,-0.1250,0.0625,0.0000,0.0000,0.0000,14209.0000,98.0000,-219.0000,-8154.0000,-0.0728
17990437,101289.531250,20.180000,2.953333,0.2700,0.1800,9.6000,0.0000,-0.1250,0.0000,0.0000,0.0000,0.0000,14209.0000,98.0000,-219.0000,-8154.0000,-0.0256
18020972,101297.351562,20.180000,2.302217,0.2700,0.1600,9.5700,0.0625,0.0000,0.0000,0.0000,0.0000,0.0000,14209.0000,98.0000,-219.0000,-8154.0000,-0.0436
18054289,101285.617188,20.180000,3.279160,0.2700,0.1700,9.5800,-0.1250,0.1250,0.0625,0.0000,0.0000,0.0000,14209.0000,98.0000,-219.0000,-8154.0000,-0.0200
18096026,101297.351562,20.180000,2.302217,0.2800,0.1700,9.5600,0.0000,0.0625,-0.0625,0.0000,0.0000,0.0000,14209.0000,98.0000,-219.0000,-8154.0000,-0.0616
18127986,101297.351562,20.180000,2.302217,0.2900,0.1800,9.5700,0.0000,-0.1250,0.1250,0.0000,0.0000,0.0000,14209.0000,98.0000,-219.0000,-8154.0000,-0.0616
18158548,101295.187500,20.170000,2.482146,0.2800,0.1500,9.5600,0.0000,-0.1250,0.0000,0.0000,0.0000,0.0000,14209.0000,98.0000,-219.0000,-8154.0000,-0.1087
18189068,101299.109375,20.170000,2.155835,0.2700,0.1700,9.5500,0.0625,0.0625,0.0000,0.0000,0.0000,0.0000,14209.0000,98.0000,-219.0000,-8154.0000,-0.1503
18221367,101295.187500,20.170000,2.482146,0.2800,0.1800,9.5700,-0.1250,-0.0625,0.1250,0.0000,0.0000,0.0000,14209.0000,98.0000,-219.0000,-8154.0000,-0.1413
18252463,101296.273438,20.180000,2.392181,0.2700,0.1700,9.5600,0.0000,0.1250,-0.0625,0.0000,0.0000,0.0000,14209.0000,98.0000,-219.0000,-8154.0000,-0.1323
18285892,101284.539062,20.180000,3.369133,0.2600,0.1800,9.5700,-0.1875,0.1875,-0.1250,0.0000,0.0000,0.0000,14209.0000,98.0000,-219.0000,-8154.0000,-0.0436
18318745,101297.351562,20.180000,2.302217,0.2500,0.1800,9.5600,0.0625,-0.1250,0.0625,0.0000,0.0000,0.0000,14209.0000,98.0000,-219.0000,-8154.0000,-0.1087
18349290,101299.109375,20.170000,2.155835,0.2600,0.1700,9.5600,-0.0625,-0.1250,0.0000,0.0000,0.0000,0.0000,14209.0000,98.0000,-219.0000,-8154.0000,-0.1234
18379826,101280.632812,20.180000,3.694466,0.2600,0.1800,9.5800,-0.0625,0.0625,-0.1250,0.0000,0.0000,0.0000,14209.0000,98.0000,-219.0000,-8154.0000,-0.0818
18412150,101287.773438,20.190001,3.099725,0.2900,0.1700,9.5600,0.0625,0.0000,-0.0625,0.0000,0.0000,0.0000,14209.0000,98.0000,-219.0000,-8154.0000,-0.0021
18444163,101296.273438,20.180000,2.392181,0.2800,0.1900,9.5900,0.1875,0.1250,0.0000,0.0000,0.0000,0.0000,14209.0000,98.0000,-219.0000,-8154.0000,0.0069
18478697,101298.429688,20.180000,2.212253,0.2800,0.1800,9.5600,0.1250,0.1875,-0.1250,0.0000,0.0000,0.0000,14209.0000,98.0000,-219.0000,-8154.0000,-0.0201
18509488,101295.187500,20.170000,2.482146,0.2700,0.1800,9.6100,0.0625,0.0000,0.0000,0.0000,0.0000,0.0000,14209.0000,98.0000,-219.0000,-8154.0000,0.0125
18579427,101292.359375,20.180000,2.717991,0.2700,0.1800,9.5700,0.0625,-0.0625,0.1875,0.0000,0.0000,0.0000,14209.0000,98.0000,-219.0000,-8154.0000,0.0361
18609804,101299.109375,20.170000,2.155835,0.2700,0.1800,9.5700,0.0000,-0.1250,0.1250,0.0000,0.0000,0.0000,14209.0000,98.0000,-219.0000,-8154.0000,0.0125
18640349,101285.218750,20.160000,3.312710,0.2800,0.1700,9.5800,0.1250,-0.1250,0.1875,0.0000,0.0000,0.0000,14209.0000,98.0000,-219.0000,-8154.0000,0.0068
18672674,101296.273438,20.180000,2.392181,0.2700,0.1700,9.5600,0.1875,0.0625,0.0000,0.0000,0.0000,0.0000,14209.0000,98.0000,-219.0000,-8154.0000,0.0158
18703168,101287.367188,20.170000,3.133782,0.2800,0.1700,9.5600,0.0625,-0.1875,0.0000,0.0000,0.0000,0.0000,14209.0000,98.0000,-219.0000,-8154.0000,0.1136
18735697,101289.531250,20.180000,2.953333,0.2800,0.1700,9.5800,0.1875,0.1250,0.0625,0.0000,0.0000,0.0000,14209.0000,98.0000,-219.0000,-8154.0000,0.0395
18769978,101296.273438,20.180000,2.392181,0.2600,0.1700,9.5900,0.0625,-0.1875,0.1250,0.0000,0.0000,0.0000,14209.0000,98.0000,-219.0000,-8154.0000,-0.0312
18800506,101291.281250,20.170000,2.807451,0.2600,0.1700,9.5600,0.0625,-0.1250,0.0625,0.0000,0.0000,0.0000,14209.0000,98.0000,-219.0000,-8154.0000,0.0103
18830953,101297.351562,20.180000,2.302217,0.2800,0.1600,9.5500,0.0625,-0.3125,0.0000,0.0000,0.0000,0.0000,14209.0000,98.0000,-219.0000,-8154.0000,0.0193
18861505,101298.429688,20.180000,2.212253,0.2900,0.1700,9.5600,0.0000,0.0625,0.0000,0.0000,0.0000,0.0000,14209.0000,98.0000,-219.0000,-8154.0000,-0.0077
18893828,101303.421875,20.190001,1.796498,0.2800,0.1800,9.5700,0.1250,-0.1250,0.0625,0.0000,0.0000,0.0000,14209.0000,98.0000,-219.0000,-8154.0000,-0.0998
18926568,101285.617188,20.180000,3.279160,0.2700,0.1500,9.5600,0.0000,0.0625,0.1250,0.0000,0.0000,0.0000,14209.0000,98.0000,-219.0000,-8154.0000,0.0125
18960367,101297.351562,20.180000,2.302217,0.2800,0.1600,9.5600,0.0000,-0.0625,0.0000,0.0000,0.0000,0.0000,14209.0000,98.0000,-219.0000,-8154.0000,-0.0886
19000656,101292.359375,20.180000,2.717991,0.2700,0.1800,9.5800,0.0000,0.0625,0.0000,0.0000,0.0000,0.0000,14209.0000,98.0000,-219.0000,-8154.0000,-0.0560
19031200,101298.429688,20.180000,2.212253,0.2800,0.1500,9.5600,-0.1250,0.1875,0.0000,0.0000,0.0000,0.0000,14209.0000,98.0000,-219.0000,-8154.0000,-0.1481
19061781,101296.273438,20.180000,2.392181,0.2600,0.1600,9.5900,-0.1250,0.0000,0.0625,0.0000,0.0000,0.0000,14209.0000,98.0000,-219.0000,-8154.0000,-0.2042
19094055,101289.531250,20.180000,2.953333,0.2700,0.1600,9.5700,0.0625,-0.0625,0.0000,0.0000,0.0000,0.0000,14209.0000,98.0000,-219.0000,-8154.0000,-0.1481
19124666,101297.351562,20.180000,2.302217,0.2800,0.1800,9.5700,0.1250,-0.1250,0.0000,0.0000,0.0000,0.0000,14209.0000,98.0000,-219.0000,-8154.0000,-0.1987
19157307,101289.531250,20.180000,2.953333,0.2900,0.1800,9.5500,-0.0625,0.0625,-0.0625,0.0000,0.0000,0.0000,14209.0000,98.0000,-219.0000,-8154.0000,-0.1335
19191186,101288.453125,20.180000,3.043303,0.2700,0.1700,9.5700,0.0000,0.1875,0.0625,0.0000,0.0000,0.0000,14209.0000,98.0000,-219.0000,-8154.0000,-0.0504
19223522,101290.609375,20.180000,2.863872,0.2900,0.1700,9.5800,0.0000,0.0000,-0.0625,0.0000,0.0000,0.0000,14209.0000,98.0000,-219.0000,-8154.0000,0.0563
19254079,101291.281250,20.170000,2.807451,0.2700,0.1800,9.5600,0.0000,0.1875,0.0000,0.0000,0.0000,0.0000,14209.0000,98.0000,-219.0000,-8154.0000,0.0091
19284609,101288.453125,20.180000,3.043303,0.2700,0.1800,9.5500,0.0625,-0.1875,0.0000,0.0000,0.0000,0.0000,14209.0000,98.0000,-219.0000,-8154.0000,0.0832
19321315,101295.601562,20.190001,2.448092,0.2900,0.1700,9.5900,-0.0625,0.1875,-0.0625,0.0000,0.0000,0.0000,14209.0000,98.0000,-219.0000,-8154.0000,0.0562
19352160,101290.609375,20.180000,2.863872,0.2700,0.1600,9.5700,-0.0625,-0.0625,0.0000,0.0000,0.0000,0.0000,14209.0000,98.0000,-219.0000,-8154.0000,0.1214
19382735,101305.171875,20.180000,1.651141,0.2700,0.1600,9.5700,0.1250,0.0000,0.0625,0.0000,0.0000,0.0000,14209.0000,98.0000,-219.0000,-8154.0000,0.0473
19422107,101297.351562,20.180000,2.302217,0.2600,0.1700,9.5500,0.0625,0.1875,0.0625,0.0000,0.0000,0.0000,14209.0000,98.0000,-219.0000,-8154.0000,-0.0178
19452678,101282.781250,20.180000,3.515532,0.2900,0.1800,9.5900,0.0000,0.0625,0.0000,0.0000,0.0000,0.0000,14209.0000,98.0000,-219.0000,-8154.0000,0.1035
19483194,101299.507812,20.190001,2.122798,0.2700,0.1800,9.6000,-0.1250,0.1875,0.0000,0.0000,0.0000,0.0000,14209.0000,98.0000,-219.0000,-8154.0000,0.0205
19513756,101301.257812,20.180000,1.976928,0.2800,0.1500,9.5500,0.0000,0.0625,0.1250,0.0000,0.0000,0.0000,14209.0000,98.0000,-219.0000,-8154.0000,-0.0862
19546066,101295.601562,20.190001,2.448092,0.2800,0.1600,9.5700,0.0625,0.0000,0.1250,0.0000,0.0000,0.0000,14209.0000,98.0000,-219.0000,-8154.0000,-0.1277
19578587,101293.437500,20.180000,2.628024,0.2700,0.1800,9.5600,-0.2500,0.1250,0.0000,0.0000,0.0000,0.0000,14209.0000,98.0000,-219.0000,-8154.0000,-0.1457
19612633,101291.679688,20.190001,2.774412,0.2600,0.1600,9.5800,-0.0625,-0.0625,0.0000,0.0000,0.0000,0.0000,14209.0000,98.0000,-219.0000,-8154.0000,-0.1726
19644984,101293.437500,20.180000,2.628024,0.2500,0.1600,9.5700,0.0000,0.0000,0.0625,0.0000,0.0000,0.0000,14209.0000,98.0000,-219.0000,-8154.0000,-0.1546
19675510,101293.437500,20.180000,2.628024,0.2700,0.1600,9.6000,0.0625,-0.0625,0.0625,0.0000,0.0000,0.0000,14209.0000,98.0000,-219.0000,-8154.0000,-0.1782
19706045,101291.679688,20.190001,2.774412,0.2700,0.1700,9.5500,-0.1875,0.1250,0.0625,0.0000,0.0000,0.0000,14209.0000,98.0000,-219.0000,-8154.0000,-0.0658
19742791,101293.437500,20.180000,2.628024,0.2600,0.1800,9.5800,0.1250,-0.0625,0.0000,0.0000,0.0000,0.0000,14209.0000,98.0000,-219.0000,-8154.0000,-0.0333
19773689,101292.757812,20.190001,2.684952,0.2800,0.1700,9.5900,-0.0625,-0.0625,0.0000,0.0000,0.0000,0.0000,14209.0000,98.0000,-219.0000,-8154.0000,-0.1163
19804195,101291.679688,20.190001,2.774412,0.2900,0.1700,9.5800,0.0000,0.0625,0.0000,0.0000,0.0000,0.0000,14209.0000,98.0000,-219.0000,-8154.0000,-0.0512
19834774,101291.679688,20.190001,2.774412,0.2700,0.1700,9.5800,0.0000,-0.1250,0.0625,0.0000,0.0000,0.0000,14209.0000,98.0000,-219.0000,-8154.0000,0.0286
19873769,101284.539062,20.180000,3.369133,0.2800,0.1800,9.5600,0.0625,-0.1875,0.0000,0.0000,0.0000,0.0000,14209.0000,98.0000,-219.0000,-8154.0000,0.1207
19904318,101289.531250,20.180000,2.953333,0.2800,0.1800,9.5700,-0.0625,0.0000,0.1250,0.0000,0.0000,0.0000,14209.0000,98.0000,-219.0000,-8154.0000,0.1532
19934837,101293.437500,20.180000,2.628024,0.2700,0.1800,9.5600,-0.0625,0.0625,0.0625,0.0000,0.0000,0.0000,14209.0000,98.0000,-219.0000,-8154.0000,0.1386
19967119,101291.679688,20.190001,2.774412,0.2700,0.1700,9.5600,0.0000,-0.1250,0.0000,0.0000,0.0000,0.0000,14209.0000,98.0000,-219.0000,-8154.0000,0.1532
19997726,101289.531250,20.180000,2.953333,0.2800,0.1700,9.5700,0.0000,-0.0625,0.0000,0.0000,0.0000,0.0000,14209.0000,98.0000,-219.0000,-8154.0000,0.1858
20031167,101295.601562,20.190001,2.448092,0.2700,0.1800,9.5800,-0.0625,0.0625,-0.1250,0.0000,0.0000,0.0000,14209.0000,98.0000,-219.0000,-8154.0000,0.1531
20064595,101299.507812,20.190001,2.122798,0.2800,0.1700,9.5800,-0.1875,0.0000,0.0625,0.0000,0.0000,0.0000,14209.0000,98.0000,-219.0000,-8154.0000,0.1026
20095130,101291.679688,20.190001,2.774412,0.2500,0.1800,9.5800,0.1250,-0.0625,0.0000,0.0000,0.0000,0.0000,14209.0000,98.0000,-219.0000,-8154.0000,0.1115
20125673,101281.710938,20.180000,3.604490,0.2800,0.1700,9.5600,-0.0625,0.0000,0.0000,0.0000,0.0000,0.0000,14209.0000,98.0000,-219.0000,-8154.0000,0.1946
20156204,101289.531250,20.180000,2.953333,0.2800,0.1900,9.5900,0.0625,0.0000,-0.1250,0.0000,0.0000,0.0000,14209.0000,98.0000,-219.0000,-8154.0000,0.2124
20217184,101281.710938,20.180000,3.604490,0.2700,0.1600,9.5800,0.0000,0.1250,-0.0625,0.0000,0.0000,0.0000,14209.0000,98.0000,-219.0000,-8154.0000,0.2360
20248168,101289.531250,20.180000,2.953333,0.2600,0.1700,9.5600,-0.0625,0.0625,0.0000,0.0000,0.0000,0.0000,14209.0000,98.0000,-219.0000,-8154.0000,0.2360
20278569,101291.679688,20.190001,2.774412,0.2700,0.1900,9.5700,-0.0625,-0.1875,0.0000,0.0000,0.0000,0.0000,14209.0000,98.0000,-219.0000,-8154.0000,0.2506
20316076,101281.710938,20.180000,3.604490,0.2800,0.1700,9.5800,0.1875,0.0000,0.0000,0.0000,0.0000,0.0000,14209.0000,98.0000,-219.0000,-8154.0000,0.3336
20346574,101298.429688,20.180000,2.212253,0.2500,0.1700,9.5900,0.0625,-0.1250,0.0000,0.0000,0.0000,0.0000,14209.0000,98.0000,-219.0000,-8154.0000,0.2595
20377182,101297.351562,20.180000,2.302217,0.2700,0.1800,9.5500,-0.0625,0.0000,0.0000,0.0000,0.0000,0.0000,14209.0000,98.0000,-219.0000,-8154.0000,0.2449
20412235,101285.617188,20.180000,3.279160,0.2700,0.1700,9.5800,0.0000,-0.0625,-0.1250,0.0000,0.0000,0.0000,14209.0000,98.0000,-219.0000,-8154.0000,0.3606
20445474,101294.523438,20.180000,2.537549,0.2800,0.1700,9.5400,0.0000,0.1250,-0.0625,0.0000,0.0000,0.0000,14209.0000,98.0000,-219.0000,-8154.0000,0.3369
20476157,101286.687500,20.180000,3.190205,0.2700,0.1700,9.5900,0.0000,0.0000,0.0000,0.0000,0.0000,0.0000,14209.0000,98.0000,-219.0000,-8154.0000,0.2955
20506694,101290.609375,20.180000,2.863872,0.2500,0.1700,9.5600,0.0000,0.0625,0.1250,0.0000,0.0000,0.0000,14209.0000,98.0000,-219.0000,-8154.0000,0.2865
20539016,101289.531250,20.180000,2.953333,0.2700,0.1600,9.5400,-0.1250,0.0625,-0.1250,0.0000,0.0000,0.0000,14209.0000,98.0000,-219.0000,-8154.0000,0.2214
20569550,101289.531250,20.180000,2.953333,0.2800,0.1600,9.5700,0.0000,0.1875,-0.0625,0.0000,0.0000,0.0000,14209.0000,98.0000,-219.0000,-8154.0000,0.2214
20602431,101291.679688,20.190001,2.774412,0.2600,0.1900,9.5800,0.0000,0.1250,-0.0625,0.0000,0.0000,0.0000,14209.0000,98.0000,-219.0000,-8154.0000,0.2214
20636362,101299.507812,20.190001,2.122798,0.2700,0.1700,9.5800,0.0625,0.1875,0.0000,0.0000,0.0000,0.0000,14209.0000,98.0000,-219.0000,-8154.0000,0.0732
20666858,101293.437500,20.180000,2.628024,0.2700,0.1800,9.6000,0.0625,-0.1875,0.0000,0.0000,0.0000,0.0000,14209.0000,98.0000,-219.0000,-8154.0000,0.1148
20697384,101289.531250,20.180000,2.953333,0.2900,0.1600,9.5700,0.0625,-0.1875,0.0625,0.0000,0.0000,0.0000,14209.0000,98.0000,-219.0000,-8154.0000,0.1799
20727911,101289.531250,20.180000,2.953333,0.2700,0.1700,9.5600,-0.1250,0.1875,0.0000,0.0000,0.0000,0.0000,14209.0000,98.0000,-219.0000,-8154.0000,0.1473
20766532,101289.531250,20.180000,2.953333,0.2700,0.1800,9.5700,0.0625,0.0625,0.0000,0.0000,0.0000,0.0000,14209.0000,98.0000,-219.0000,-8154.0000,0.1889
20797188,101291.679688,20.190001,2.774412,0.2900,0.1700,9.5600,-0.1250,0.0000,-0.0625,0.0000,0.0000,0.0000,14209.0000,98.0000,-219.0000,-8154.0000,0.1473
20827745,101285.617188,20.180000,3.279160,0.2600,0.1700,9.5900,-0.0625,0.1250,0.0000,0.0000,0.0000,0.0000,14209.0000,98.0000,-219.0000,-8154.0000,0.1889
20860053,101289.531250,20.180000,2.953333,0.2800,0.1600,9.5500,0.0000,0.0000,-0.0625,0.0000,0.0000,0.0000,14209.0000,98.0000,-219.0000,-8154.0000,0.1889
20890588,101290.609375,20.180000,2.863872,0.2900,0.1600,9.5800,-0.0625,0.0000,0.0000,0.0000,0.0000,0.0000,14209.0000,98.0000,-219.0000,-8154.0000,0.1799
20921115,101295.601562,20.190001,2.448092,0.2800,0.1700,9.5700,0.0625,0.0000,0.1250,0.0000,0.0000,0.0000,14209.0000,98.0000,-219.0000,-8154.0000,0.1473
20957063,101289.531250,20.180000,2.953333,0.2700,0.1800,9.5500,0.0625,0.0000,0.0000,0.0000,0.0000,0.0000,14209.0000,98.0000,-219.0000,-8154.0000,0.2303
20987784,101289.531250,20.180000,2.953333,0.2800,0.1800,9.5600,0.0000,-0.1250,0.0625,0.0000,0.0000,0.0000,14209.0000,98.0000,-219.0000,-8154.0000,0.2629
21018307,101287.773438,20.190001,3.099725,0.2800,0.1700,9.5800,-0.0625,0.0625,0.0000,0.0000,0.0000,0.0000,14209.0000,98.0000,-219.0000,-8154.0000,0.2775
21048882,101290.609375,20.180000,2.863872,0.2900,0.1700,9.5700,-0.0625,0.1875,-0.0625,0.0000,0.0000,0.0000,14209.0000,98.0000,-219.0000,-8154.0000,0.2686
21081208,101293.437500,20.180000,2.628024,0.2600,0.1700,9.5900,0.0000,-0.1875,0.0000,0.0000,0.0000,0.0000,14209.0000,98.0000,-219.0000,-8154.0000,0.2360
21114108,101289.531250,20.180000,2.953333,0.2900,0.1800,9.5500,-0.1250,0.0625,-0.0625,0.0000,0.0000,0.0000,14209.0000,98.0000,-219.0000,-8154.0000,0.2539
21147749,101289.531250,20.180000,2.953333,0.2900,0.1600,9.5800,0.0000,0.0625,0.0000,0.0000,0.0000,0.0000,14209.0000,98.0000,-219.0000,-8154.0000,0.2213
21187937,101286.687500,20.180000,3.190205,0.2700,0.1700,9.5400,0.0625,0.0000,0.0000,0.0000,0.0000,0.0000,14209.0000,98.0000,-219.0000,-8154.0000,0.2450
21218586,101299.507812,20.190001,2.122798,0.2600,0.1700,9.5700,0.0625,0.0625,0.0625,0.0000,0.0000,0.0000,14209.0000,98.0000,-219.0000,-8154.0000,0.1709
21249157,101290.609375,20.180000,2.863872,0.2800,0.1800,9.5700,0.0000,0.0000,0.0000,0.0000,0.0000,0.0000,14209.0000,98.0000,-219.0000,-8154.0000,0.2125
21281495,101290.609375,20.180000,2.863872,0.2800,0.1700,9.5800,-0.0625,0.0000,0.0625,0.0000,0.0000,0.0000,14209.0000,98.0000,-219.0000,-8154.0000,0.2035
21312019,101285.617188,20.180000,3.279160,0.2600,0.1800,9.5700,0.0000,0.1250,0.0625,0.0000,0.0000,0.0000,14209.0000,98.0000,-219.0000,-8154.0000,0.2361
21344943,101290.609375,20.180000,2.863872,0.2600,0.1700,9.5800,0.0625,0.0625,-0.0625,0.0000,0.0000,0.0000,14209.0000,98.0000,-219.0000,-8154.0000,0.2125
21378516,101289.531250,20.180000,2.953333,0.2800,0.1700,9.5800,0.0625,-0.0625,0.0625,0.0000,0.0000,0.0000,14209.0000,98.0000,-219.0000,-8154.0000,0.2215
21410906,101291.679688,20.190001,2.774412,0.2800,0.1600,9.5600,-0.1250,0.1875,-0.2500,0.0000,0.0000,0.0000,14209.0000,98.0000,-219.0000,-8154.0000,0.2361
21441438,101289.531250,20.180000,2.953333,0.2500,0.1700,9.5800,0.0000,0.1250,0.0000,0.0000,0.0000,0.0000,14209.0000,98.0000,-219.0000,-8154.0000,0.2361
21471940,101291.679688,20.190001,2.774412,0.2700,0.1700,9.5700,-0.0625,-0.0625,0.0000,0.0000,0.0000,0.0000,14209.0000,98.0000,-219.0000,-8154.0000,0.2182
21508658,101291.679688,20.190001,2.774412,0.2800,0.1800,9.5800,0.0000,-0.1250,-0.1250,0.0000,0.0000,0.0000,14209.0000,98.0000,-219.0000,-8154.0000,0.1767
21539547,101298.429688,20.180000,2.212253,0.2800,0.1700,9.5600,0.0000,0.0000,-0.0625,0.0000,0.0000,0.0000,14209.0000,98.0000,-219.0000,-8154.0000,0.1856
21570046,101281.710938,20.180000,3.604490,0.2600,0.1500,9.5600,-0.0625,-0.2500,0.0625,0.0000,0.0000,0.0000,14209.0000,98.0000,-219.0000,-8154.0000,0.2597
21609592,101293.437500,20.180000,2.628024,0.2900,0.1800,9.5700,-0.0625,-0.0625,-0.0625,0.0000,0.0000,0.0000,14209.0000,98.0000,-219.0000,-8154.0000,0.2361
21640153,101287.773438,20.190001,3.099725,0.2600,0.1800,9.5700,-0.1250,0.0000,-0.0625,0.0000,0.0000,0.0000,14209.0000,98.0000,-219.0000,-8154.0000,0.2181
21670699,101291.679688,20.190001,2.774412,0.2400,0.1800,9.5700,0.1250,-0.0625,0.0000,0.0000,0.0000,0.0000,14209.0000,98.0000,-219.0000,-8154.0000,0.2092
21701232,101286.687500,20.180000,3.190205,0.2600,0.1700,9.5700,0.0625,-0.1875,-0.0625,0.0000,0.0000,0.0000,14209.0000,98.0000,-219.0000,-8154.0000,0.2329
21733724,101286.687500,20.180000,3.190205,0.2800,0.1700,9.5700,-0.0625,0.1250,-0.1250,0.0000,0.0000,0.0000,14209.0000,98.0000,-219.0000,-8154.0000,0.2745
21768718,101291.679688,20.190001,2.774412,0.2800,0.1700,9.5800,-0.0625,0.1250,-0.0625,0.0000,0.0000,0.0000,14209.0000,98.0000,-219.0000,-8154.0000,0.2566
21800321,101287.773438,20.190001,3.099725,0.2800,0.1600,9.5700,0.0000,-0.1875,0.0625,0.0000,0.0000,0.0000,14209.0000,98.0000,-219.0000,-8154.0000,0.2891
21841220,101301.656250,20.200001,1.943891,0.2600,0.1900,9.6000,-0.0625,0.1250,-0.0625,0.0000,0.0000,0.0000,14209.0000,98.0000,-219.0000,-8154.0000,0.2060
21893568,101293.843750,20.200001,2.594477,0.2500,0.1900,9.5700,-0.0625,-0.0625,-0.0625,0.0000,0.0000,0.0000,14209.0000,98.0000,-219.0000,-8154.0000,0.2443
21923949,101295.601562,20.190001,2.448092,0.2800,0.1800,9.5700,0.0000,-0.0625,-0.1250,0.0000,0.0000,0.0000,14209.0000,98.0000,-219.0000,-8154.0000,0.1286
21960328,101291.679688,20.190001,2.774412,0.2800,0.1700,9.5800,0.0000,0.1250,-0.1250,0.0000,0.0000,0.0000,14209.0000,98.0000,-219.0000,-8154.0000,0.1433
21991147,101289.531250,20.180000,2.953333,0.2700,0.1600,9.5900,0.0000,0.0000,0.0000,0.0000,0.0000,0.0000,14209.0000,98.0000,-219.0000,-8154.0000,0.1286
22021671,101289.531250,20.180000,2.953333,0.2800,0.1700,9.5800,0.0625,0.0000,-0.0625,0.0000,0.0000,0.0000,14209.0000,98.0000,-219.0000,-8154.0000,0.1465
22052221,101292.757812,20.190001,2.684952,0.2700,0.1700,9.6100,-0.0625,0.0000,0.1250,0.0000,0.0000,0.0000,14209.0000,98.0000,-219.0000,-8154.0000,0.0960
22091237,101296.671875,20.190001,2.358635,0.3100,0.1900,9.5600,-0.0625,0.0000,0.0625,0.0000,0.0000,0.0000,14209.0000,98.0000,-219.0000,-8154.0000,0.0128
22121727,101282.781250,20.180000,3.515532,0.2400,0.1800,9.5700,-0.0625,0.1875,0.0000,0.0000,0.0000,0.0000,14209.0000,98.0000,-219.0000,-8154.0000,0.0870
22152205,101297.750000,20.200001,2.269179,0.2500,0.1500,9.6000,-0.3125,0.1875,-0.4375,0.0000,0.0000,0.0000,14209.0000,98.0000,-219.0000,-8154.0000,0.0039
22184580,101282.781250,20.180000,3.515532,0.2700,0.1800,9.6000,-1.5000,1.6250,-1.6250,0.0000,0.0000,0.0000,14205.0000,97.0000,-214.0000,-8160.0000,0.1611
22216023,101299.507812,20.190001,2.122798,0.4500,0.0400,8.7500,4.3125,-5.1875,-7.3125,0.0000,0.0000,0.0000,14197.0000,92.0000,-219.0000,-8174.0000,0.1139
22251084,101289.531250,20.180000,2.953333,0.3100,-0.2800,9.5800,-0.0625,-0.4375,-17.0625,0.0000,0.0000,0.0000,14154.0000,93.0000,-219.0000,-8248.0000,0.1644
22283434,101292.757812,20.190001,2.684952,0.2800,0.0200,9.6200,-0.1875,-0.2500,-30.5625,0.0000,0.0000,0.0000,14095.0000,89.0000,-218.0000,-8349.0000,0.1555
22313977,101291.679688,20.190001,2.774412,0.2500,0.4000,9.6200,0.0000,0.0000,-31.6250,0.0000,0.0000,0.0000,14027.0000,91.0000,-217.0000,-8463.0000,0.1376
22344513,101295.601562,20.190001,2.448092,0.2100,1.0900,9.5800,1.1250,0.2500,-12.3750,0.0000,0.0000,0.0000,13980.0000,97.0000,-219.0000,-8540.0000,0.0871
22375006,101297.750000,20.200001,2.269179,0.5400,-0.0100,9.5900,0.5625,0.5000,14.7500,0.0000,0.0000,0.0000,13999.0000,96.0000,-220.0000,-8509.0000,0.0455
22411760,101281.710938,20.180000,3.604490,-0.0200,-0.3300,9.5000,-1.4375,0.1250,-0.1875,0.0000,0.0000,0.0000,14008.0000,91.0000,-216.0000,-8495.0000,0.1701
22442629,101282.781250,20.180000,3.515532,0.2700,0.3900,9.6100,-0.5625,-0.1250,-15.8125,0.0000,0.0000,0.0000,13969.0000,90.0000,-214.0000,-8558.0000,0.1701
22473156,101287.773438,20.190001,3.099725,0.0900,-0.9000,9.6500,1.0000,0.2500,-0.6250,0.0000,0.0000,0.0000,13961.0000,97.0000,-219.0000,-8571.0000,0.2531
22512533,101289.929688,20.200001,2.920293,0.4200,0.7500,9.5500,-1.3750,0.0000,-22.8750,0.0000,0.0000,0.0000,13911.0000,96.0000,-216.0000,-8652.0000,0.1936
22543101,101289.929688,20.200001,2.920293,0.2700,0.0800,9.5600,-1.0625,-0.3125,-5.2500,0.0000,0.0000,0.0000,13884.0000,94.0000,-215.0000,-8696.0000,0.2733
22573652,101288.851562,20.190001,3.010263,0.2600,0.1600,9.5300,1.6875,-0.1875,0.0625,0.0000,0.0000,0.0000,13884.0000,95.0000,-215.0000,-8695.0000,0.2790
22606001,101301.656250,20.200001,1.943891,0.2700,0.1600,9.5800,-0.1250,0.0000,-0.0625,0.0000,0.0000,0.0000,13884.0000,99.0000,-218.0000,-8695.0000,0.2049
22636520,101295.601562,20.190001,2.448092,0.2800,0.1700,9.5700,-0.0625,0.0625,0.0000,0.0000,0.0000,0.0000,13884.0000,98.0000,-219.0000,-8695.0000,0.1723
22667031,101296.671875,20.190001,2.358635,0.2700,0.1700,9.5900,0.0000,0.1875,0.0000,0.0000,0.0000,0.0000,13884.0000,97.0000,-220.0000,-8695.0000,0.1634
22697591,101292.757812,20.190001,2.684952,0.2700,0.1800,9.5800,-0.0625,0.2500,-0.0625,0.0000,0.0000,0.0000,13884.0000,96.0000,-221.0000,-8695.0000,0.2049
22733023,101291.679688,20.190001,2.774412,0.2700,0.1900,9.5700,0.1875,-0.2500,0.0000,0.0000,0.0000,0.0000,13884.0000,95.0000,-221.0000,-8695.0000,0.1219
22763721,101294.921875,20.200001,2.504511,0.2700,0.1800,9.5700,-0.0625,0.0625,-0.1250,0.0000,0.0000,0.0000,13885.0000,94.0000,-222.0000,-8695.0000,0.0208
22794255,101295.601562,20.190001,2.448092,0.2900,0.1700,9.5800,0.0000,-0.0625,0.0000,0.0000,0.0000,0.0000,13885.0000,93.0000,-223.0000,-8695.0000,-0.0443
22826618,101297.750000,20.200001,2.269179,0.2700,0.1600,9.5900,0.0000,0.0625,0.0000,0.0000,0.0000,0.0000,13885.0000,92.0000,-223.0000,-8695.0000,-0.1095
22857172,101286.023438,20.200001,3.245611,0.2700,0.1700,9.5900,0.0000,0.0000,0.0625,0.0000,0.0000,0.0000,13885.0000,91.0000,-224.0000,-8695.0000,-0.0769
22888251,101296.000000,20.209999,2.414545,0.2700,0.1600,9.5900,-0.0625,0.0625,0.0000,0.0000,0.0000,0.0000,13885.0000,90.0000,-225.0000,-8695.0000,-0.1365
22925857,101293.843750,20.200001,2.594477,0.2700,0.1800,9.5900,0.0625,0.1875,-0.0625,0.0000,0.0000,0.0000,13885.0000,89.0000,-225.0000,-8695.0000,-0.0714
22956390,101286.023438,20.200001,3.245611,0.2700,0.1800,9.5500,-0.0625,0.0625,0.0625,0.0000,0.0000,0.0000,13885.0000,88.0000,-226.0000,-8695.0000,0.0083
22986890,101297.750000,20.200001,2.269179,0.2800,0.1700,9.5700,-0.1875,0.0625,-0.0625,0.0000,0.0000,0.0000,13885.0000,87.0000,-227.0000,-8695.0000,-0.0006
23017471,101293.843750,20.200001,2.594477,0.3000,0.1600,9.5700,-0.1875,0.1250,0.0000,0.0000,0.0000,0.0000,13885.0000,86.0000,-227.0000,-8695.0000,-0.0097
23053800,101299.906250,20.209999,2.089253,0.2700,0.1700,9.5900,-0.1875,0.1250,-0.1250,0.0000,0.0000,0.0000,13885.0000,85.0000,-228.0000,-8695.0000,-0.0782
23084689,101291.679688,20.190001,2.774412,0.2700,0.1600,9.5500,0.0000,-0.1250,0.0000,0.0000,0.0000,0.0000,13885.0000,85.0000,-228.0000,-8695.0000,-0.0512
23115224,101301.656250,20.200001,1.943891,0.2800,0.1900,9.5400,0.1875,0.0625,0.0625,0.0000,0.0000,0.0000,13885.0000,84.0000,-229.0000,-8695.0000,-0.1016
23147545,101286.023438,20.200001,3.245611,0.2800,0.1600,9.5800,-0.1250,-0.0625,-0.1250,0.0000,0.0000,0.0000,13885.0000,83.0000,-229.0000,-8695.0000,-0.0040
23178092,101290.609375,20.180000,2.863872,0.2800,0.1700,9.5700,0.0625,0.3125,0.0625,0.0000,0.0000,0.0000,13885.0000,82.0000,-230.0000,-8695.0000,-0.0422
23208646,101293.843750,20.200001,2.594477,0.2700,0.1800,9.6000,-0.0625,0.0625,-0.0625,0.0000,0.0000,0.0000,13885.0000,82.0000,-231.0000,-8694.0000,-0.0242
23244636,101299.507812,20.190001,2.122798,0.2700,0.1700,9.5700,-0.0625,-0.0625,-0.0625,0.0000,0.0000,0.0000,13885.0000,81.0000,-231.0000,-8694.0000,-0.0713
23275365,101292.757812,20.190001,2.684952,0.3000,0.1700,9.5700,0.0000,-0.0625,0.0625,0.0000,0.0000,0.0000,13885.0000,80.0000,-232.0000,-8694.0000,-0.1274
23305964,101293.843750,20.200001,2.594477,0.2700,0.1800,9.5600,-0.0625,-0.1250,-0.0625,0.0000,0.0000,0.0000,13885.0000,79.0000,-232.0000,-8694.0000,-0.0949
23345278,101283.859375,20.190001,3.425557,0.2900,0.1700,9.5700,-0.1250,0.2500,-0.0625,0.0000,0.0000,0.0000,13885.0000,78.0000,-233.0000,-8694.0000,-0.0118
23375796,101287.093750,20.200001,3.156656,0.2700,0.1800,9.5500,-0.0625,-0.0625,-0.0625,0.0000,0.0000,0.0000,13885.0000,77.0000,-233.0000,-8694.0000,0.0950
23406358,101284.937500,20.190001,3.336092,0.2600,0.1600,9.5800,0.3125,0.0000,0.0000,0.0000,0.0000,0.0000,13885.0000,77.0000,-234.0000,-8694.0000,0.1512
23436872,101292.757812,20.190001,2.684952,0.2600,0.1600,9.5900,-0.0625,0.1250,-0.0625,0.0000,0.0000,0.0000,13885.0000,76.0000,-234.0000,-8694.0000,0.2253
23477709,101291.679688,20.190001,2.774412,0.2800,0.1700,9.5700,0.1875,-0.0625,0.0000,0.0000,0.0000,0.0000,13885.0000,75.0000,-235.0000,-8694.0000,0.1781
23534353,101291.679688,20.190001,2.774412,0.2600,0.1700,9.5900,-0.0625,0.0000,-0.0625,0.0000,0.0000,0.0000,13885.0000,74.0000,-235.0000,-8694.0000,0.1692
23565954,101291.679688,20.190001,2.774412,0.2900,0.1800,9.5900,0.1250,0.1875,-0.1250,0.0000,0.0000,0.0000,13885.0000,74.0000,-236.0000,-8694.0000,0.1872
23597876,101301.656250,20.200001,1.943891,0.2800,0.1800,9.5800,0.0000,-0.0625,0.0000,0.0000,0.0000,0.0000,13885.0000,73.0000,-236.0000,-8694.0000,0.1693
23628143,101301.656250,20.200001,1.943891,0.2900,0.1700,9.5800,0.1875,0.2500,-0.1250,0.0000,0.0000,0.0000,13885.0000,73.0000,-236.0000,-8694.0000,0.0952
23658415,101293.843750,20.200001,2.594477,0.2600,0.1600,9.5700,0.0625,0.0000,-0.0625,0.0000,0.0000,0.0000,13885.0000,73.0000,-236.0000,-8694.0000,0.0952
23694893,101303.820312,20.209999,1.763462,0.2800,0.1800,9.5800,0.0625,0.2500,-0.1875,0.0000,0.0000,0.0000,13885.0000,73.0000,-236.0000,-8694.0000,-0.0710
